,Country,Country Code,rank,area,Year,Food Production in tonnes,primary_energy_consumption_terrawats_per_hour,Population,Inflation,GDP per capita,Population_density,energy_consumption_terrawats_hour_per_capita,food_production_tonnes_per_capita
0,Afghanistan,AFG,41.0,652230.0,2016.0,311646.0,34.458,35383028.0,4.38,512.0127781,54.24931082593564,9.738567315380696e-07,0.008807782081284847
1,Afghanistan,AFG,41.0,652230.0,2017.0,173912.0,36.617,36296111.0,4.98,516.6798622,55.649251031077995,1.0088408645212706e-06,0.004791477522206167
2,Afghanistan,AFG,41.0,652230.0,2018.0,106670.0,41.989,37171922.0,0.63,485.6684187,56.9920457507321,1.1295891560301885e-06,0.0028696390786572728
3,Afghanistan,AFG,41.0,652230.0,2019.0,184671.0,35.974,38041757.0,2.3,494.1793499,58.325678058353645,9.456450710202475e-07,0.004854428779406798
4,Albania,ALB,144.0,28748.0,2016.0,379714.0,37.984,2876101.0,1.29,4124.05539,100.04525532210937,1.3206768468840281e-05,0.1320238753785072
5,Albania,ALB,144.0,28748.0,2017.0,381059.0,36.737,2873457.0,1.99,4531.019374,99.95328370669264,1.2784948582839417e-05,0.13261343392297154
6,Albania,ALB,144.0,28748.0,2018.0,391104.0,41.67,2866376.0,2.03,5287.663694,99.70697091971616,1.453752054859516e-05,0.1364454628422789
7,Albania,ALB,144.0,28748.0,2019.0,388951.0,32.457,2854191.0,1.41,5396.215864,99.28311534715459,1.1371698670481407e-05,0.13627364111231519
8,Algeria,DZA,10.0,2381741.0,2016.0,3687.0,616.996,40551398.0,5.8,3946.452447,17.025947825561218,1.5215159783147302e-05,9.092164960626019e-05
9,Algeria,DZA,10.0,2381741.0,2017.0,2634.0,623.795,41389174.0,5.59,4109.698217,17.377697239120458,1.5071453225908784e-05,6.363983006764039e-05
10,Algeria,DZA,10.0,2381741.0,2018.0,5512.0,671.361,42228415.0,3.51,4142.018558,17.730061748947513,1.589832343932397e-05,0.00013052822370908309
11,Algeria,DZA,10.0,2381741.0,2019.0,6368.0,694.885,43053054.0,1.95,3989.668276,18.07629544942124,1.6140202272294086e-05,0.00014791052918104253
14,Angola,AGO,23.0,1246700.0,2016.0,2238456.0,106.752,28842482.0,32.38,1728.023754,23.135062164113258,3.7012071291229373e-06,0.0776096869887966
15,Angola,AGO,23.0,1246700.0,2017.0,2380522.0,101.83,29816769.0,29.84,2313.220584,23.916554904949066,3.415192303364593e-06,0.07983836209751634
16,Angola,AGO,23.0,1246700.0,2018.0,2765316.0,98.985,30809787.0,19.63,2524.942483,24.71307211037138,3.212777809856329e-06,0.08975446665697494
17,Angola,AGO,23.0,1246700.0,2019.0,2818684.0,109.148,31825299.0,17.08,2177.799015,25.527632148873025,3.4295985718783035e-06,0.0885674004193959
20,Antigua and Barbuda,ATG,200.0,442.0,2016.0,65.0,3.089,94520.0,-0.49,15198.74297,213.84615384615384,3.268091409225561e-05,0.0006876851460008463
21,Antigua and Barbuda,ATG,200.0,442.0,2017.0,59.0,2.937,95425.0,2.43,15383.5764,215.89366515837105,3.077809798270893e-05,0.0006182866125229238
22,Antigua and Barbuda,ATG,200.0,442.0,2018.0,54.0,3.035,96282.0,1.21,16679.59166,217.83257918552036,3.152198749506658e-05,0.0005608524957936063
23,Antigua and Barbuda,ATG,200.0,442.0,2019.0,48.0,3.048,97115.0,1.48,17376.64968,219.71719457013575,3.1385470833547855e-05,0.000494259383205478
24,Argentina,ARG,8.0,2780400.0,2016.0,39792856.0,991.691,43590368.0,39.4,12790.24247,15.677732700330887,2.2750232344907024e-05,0.9128818550006277
25,Argentina,ARG,8.0,2780400.0,2017.0,49475896.0,990.585,44044811.0,25.68,14613.04182,15.84117788807366,2.2490390525231226e-05,1.1233081690372109
26,Argentina,ARG,8.0,2780400.0,2018.0,43462324.0,983.482,44494502.0,34.28,11795.15939,16.00291396921306,2.210344999478812e-05,0.9768021226532663
27,Argentina,ARG,8.0,2780400.0,2019.0,56860704.0,930.807,44938712.0,53.55,10076.35524,16.162678751258813,2.0712809926550632e-05,1.2652944748394213
28,Armenia,ARM,142.0,29743.0,2016.0,21026.0,40.95,2936147.0,-1.41,3591.828052,98.71724439363884,1.3946849391396277e-05,0.007161085599597023
29,Armenia,ARM,142.0,29743.0,2017.0,10413.0,43.641,2944789.0,1.03,3914.527854,99.00780015465824,1.481973750920694e-05,0.003536076778336241
30,Armenia,ARM,142.0,29743.0,2018.0,7615.0,42.928,2951741.0,2.52,4220.540321,99.24153582355513,1.4543281405787295e-05,0.0025798333932414803
31,Armenia,ARM,142.0,29743.0,2019.0,4758.0,45.958,2957728.0,1.44,4604.646324,99.44282688363649,1.5538278029622738e-05,0.0016086671931969403
33,Australia,AUS,6.0,7692024.0,2016.0,400032.0,1605.949,24190907.0,1.28,49881.76371,3.144933895162054,6.638647323145015e-05,0.01653646140675916
34,Australia,AUS,6.0,7692024.0,2017.0,436194.0,1600.27,24601860.0,1.97,53934.25018,3.198359755507783,6.504670785054463e-05,0.017730122844370304
35,Australia,AUS,6.0,7692024.0,2018.0,387240.0,1621.238,24982688.0,1.91,57180.7794,3.247869221416886,6.489445811435504e-05,0.015500333671060537
36,Australia,AUS,6.0,7692024.0,2019.0,327206.0,1678.908,25365745.0,1.61,54875.28596,3.2976684680131005,6.618800275726181e-05,0.012899522564781756
37,Austria,AUT,115.0,83871.0,2016.0,2179587.0,408.52,8736668.0,0.89,45307.58786,104.16792455079825,4.6759245057726814e-05,0.24947577268587978
38,Austria,AUT,115.0,83871.0,2017.0,2075983.0,417.629,8797566.0,2.23,47429.15846,104.89401580999392,4.7470970948100876e-05,0.235972426918991
39,Austria,AUT,115.0,83871.0,2018.0,2130340.0,407.828,8840521.0,2.0,51486.5755,105.40617138224178,4.6131670294092396e-05,0.2409744855535098
40,Austria,AUT,115.0,83871.0,2019.0,2298880.0,428.219,8879920.0,1.49,50114.40111,105.87592850925826,4.8223294804457697e-05,0.25888521518211877
41,Azerbaijan,AZE,114.0,86600.0,2016.0,223991.0,169.735,9757812.0,12.44,3880.738731,112.6768129330254,1.739478071518492e-05,0.022955043610186382
42,Azerbaijan,AZE,114.0,86600.0,2017.0,235669.0,166.48,9854033.0,12.84,4147.089716,113.78790993071594,1.6894605487925604e-05,0.02391599459835379
43,Azerbaijan,AZE,114.0,86600.0,2018.0,247939.0,171.301,9939771.0,2.33,4739.84171,114.77795612009238,1.7233898044532414e-05,0.024944136036936865
44,Azerbaijan,AZE,114.0,86600.0,2019.0,283570.0,180.656,10024283.0,2.71,4805.753718,115.75384526558892,1.802183757182434e-05,0.02828830750289073
45,Bahamas,BHS,160.0,13943.0,2016.0,659.0,12.373,377923.0,-0.35,31314.84456,27.104855483038083,3.273947338479002e-05,0.0017437414499779055
46,Bahamas,BHS,160.0,13943.0,2017.0,648.0,14.755,381749.0,1.55,32371.00818,27.37925840923761,3.86510508213512e-05,0.0016974504189925842
47,Bahamas,BHS,160.0,13943.0,2018.0,634.0,16.031,385635.0,2.23,33077.39183,27.657964570035144,4.1570396877876744e-05,0.001644041645597521
48,Bahamas,BHS,160.0,13943.0,2019.0,647.0,16.035,389486.0,1.34,33872.33431,27.934160510650507,4.116964409503808e-05,0.0016611636875266376
50,Bangladesh,BGD,94.0,147570.0,2016.0,2445576.0,369.664,157977151.0,5.51,1678.95323,1070.5234871586365,2.339983963883486e-06,0.015480567819582973
51,Bangladesh,BGD,94.0,147570.0,2017.0,3025392.0,384.15,159685421.0,5.61,1839.583378,1082.0994849901742,2.4056673276391336e-06,0.018945949987507
52,Bangladesh,BGD,94.0,147570.0,2018.0,3288102.0,406.89,161376713.0,5.55,1991.483267,1093.5604323371958,2.521367503624888e-06,0.020375318959433758
53,Bangladesh,BGD,94.0,147570.0,2019.0,3569321.0,452.585,163046173.0,5.47,2154.226819,1104.8734363352985,2.77580878883922e-06,0.0218914736502279
54,Barbados,BRB,201.0,430.0,2016.0,96.0,6.989,285798.0,1.28,16909.88655,664.646511627907,2.4454334879880194e-05,0.00033590158083681484
55,Barbados,BRB,201.0,430.0,2017.0,74.0,6.602,286229.0,4.41,17404.20747,665.6488372093023,2.3065447596155527e-05,0.00025853425054763845
56,Barbados,BRB,201.0,430.0,2018.0,109.0,7.031,286640.0,3.69,17782.87473,666.6046511627907,2.4529025955902875e-05,0.00038026793190064194
57,Barbados,BRB,201.0,430.0,2019.0,42.0,7.043,287021.0,4.1,18480.05659,667.4906976744186,2.4538274202932886e-05,0.0001463307562861254
58,Belarus,BLR,86.0,207600.0,2016.0,740511.0,272.842,9469379.0,11.8,5039.681886,45.613578998073216,2.88130826741648e-05,0.07820058738804309
59,Belarus,BLR,86.0,207600.0,2017.0,694238.0,277.869,9458989.0,6.03,5785.670673,45.56353082851638,2.9376183860664183e-05,0.07339452450996613
60,Belarus,BLR,86.0,207600.0,2018.0,1137845.0,307.253,9438785.0,4.87,6360.062473,45.46620905587669,3.255217700159501e-05,0.12054994366329988
61,Belarus,BLR,86.0,207600.0,2019.0,1095331.0,308.826,9419758.0,5.6,6837.717826,45.37455684007707,3.278491867837794e-05,0.11628016346067489
62,Belgium,BEL,140.0,30528.0,2016.0,480496.0,723.427,11331422.0,1.97,42012.62272,371.18127620545073,6.384256097778372e-05,0.042403857168147124
63,Belgium,BEL,140.0,30528.0,2017.0,608671.0,731.55,11375158.0,2.22,44198.48239,372.613928197065,6.431119462252743e-05,0.05350879521849279
64,Belgium,BEL,140.0,30528.0,2018.0,376550.0,725.966,11427054.0,2.05,47549.20805,374.3138757861635,6.35304602568606e-05,0.03295250026822311
65,Belgium,BEL,140.0,30528.0,2019.0,429220.0,749.295,11488980.0,1.25,46599.11134,376.3423742138365,6.52185833729365e-05,0.0373592781952793
66,Belize,BLZ,151.0,22966.0,2016.0,65762.0,3.674,368399.0,0.66,4877.670506,16.041060698423756,9.972882662547943e-06,0.17850754209430536
67,Belize,BLZ,151.0,22966.0,2017.0,89536.0,4.083,375775.0,1.15,4909.604664,16.36223112427066,1.0865544541281353e-05,0.23827024150089815
68,Belize,BLZ,151.0,22966.0,2018.0,77766.0,3.647,383071.0,0.24,4927.194224,16.679918139858923,9.520428327907882e-06,0.20300675331727017
69,Belize,BLZ,151.0,22966.0,2019.0,58049.0,3.61,390351.0,0.19,4983.336114,16.996908473395454,9.24808697812994e-06,0.1487097509677188
70,Benin,BEN,102.0,112622.0,2016.0,1376683.0,27.779,10872072.0,-0.85,1087.287331,96.53595212303102,2.555078737521238e-06,0.12662563308999425
71,Benin,BEN,102.0,112622.0,2017.0,1454284.0,29.458,11175192.0,1.77,1136.593872,99.22743336115501,2.6360173498585077e-06,0.13013503481640404
72,Benin,BEN,102.0,112622.0,2018.0,1509758.0,32.679,11485035.0,0.83,1241.825298,101.97860986308181,2.845354846545962e-06,0.13145436648647565
73,Benin,BEN,102.0,112622.0,2019.0,1580750.0,29.301,11801151.0,-0.93,1219.515506,104.78548596189022,2.4828934059059154e-06,0.1339487987231076
75,Bhutan,BTN,136.0,38394.0,2016.0,82035.0,18.515,736706.0,4.31,2930.574923,19.18805021617961,2.513214226570708e-05,0.11135378292018797
76,Bhutan,BTN,136.0,38394.0,2017.0,94052.0,18.396,745563.0,5.53,3286.596744,19.418737302703548,2.467397121370025e-05,0.12614896393731986
77,Bhutan,BTN,136.0,38394.0,2018.0,55259.0,17.636,754396.0,2.72,3243.477437,19.64879929155597,2.337764251136008e-05,0.07324932793917253
78,Bhutan,BTN,136.0,38394.0,2019.0,46235.0,22.388,763094.0,2.6,3322.863329,19.875345106006147,2.933845633696504e-05,0.060588865854010125
79,Bolivia,BOL,28.0,1098581.0,2016.0,984628.0,92.096,11031822.0,3.63,3076.656439,10.041883120134063,8.348213015039583e-06,0.08925343429217766
80,Bolivia,BOL,28.0,1098581.0,2017.0,954909.0,90.779,11192853.0,2.82,3351.124344,10.188464027686624,8.110443333795234e-06,0.08531417324966209
81,Bolivia,BOL,28.0,1098581.0,2018.0,1260926.0,93.705,11353140.0,2.27,3548.59078,10.33436769796674,8.253663744127174e-06,0.11106407566541063
82,Bolivia,BOL,28.0,1098581.0,2019.0,987503.0,91.418,11513102.0,1.84,3552.068144,10.479975532072737,7.940344834954125e-06,0.08577210555417646
83,Bosnia and Herzegovina,BIH,128.0,51209.0,2016.0,1178423.0,72.588,3386263.0,-1.06,4994.971623,66.12632545060438,2.1436019588555288e-05,0.34800102650030434
84,Bosnia and Herzegovina,BIH,128.0,51209.0,2017.0,709584.0,72.034,3351534.0,0.81,5394.26914,65.44814388095843,2.1492844768992348e-05,0.2117191709826008
85,Bosnia and Herzegovina,BIH,128.0,51209.0,2018.0,1272339.0,73.247,3323929.0,1.27,6070.35298,64.90907848229803,2.2036270931178134e-05,0.3827816418461405
86,Bosnia and Herzegovina,BIH,128.0,51209.0,2019.0,1235596.0,69.547,3300998.0,0.62,6119.762351,64.46128610205237,2.106847686669304e-05,0.37430982993627987
87,Botswana,BWA,47.0,582000.0,2016.0,15095.0,25.816,2159925.0,2.78,6982.917492,3.7112113402061855,1.1952266861117863e-05,0.006988668588029677
88,Botswana,BWA,47.0,582000.0,2017.0,12265.0,23.731,2205076.0,3.3,7296.092142,3.788790378006873,1.0761987341932887e-05,0.0055621665647805334
89,Botswana,BWA,47.0,582000.0,2018.0,24633.0,23.175,2254067.0,3.22,7503.878588,3.87296735395189,1.028141576980631e-05,0.010928246587168882
90,Botswana,BWA,47.0,582000.0,2019.0,7278.0,23.019,2303703.0,2.85,7247.429476,3.9582525773195876,9.99217347027807e-06,0.003159261415208471
91,Brazil,BRA,5.0,8515767.0,2016.0,64188312.0,3367.171,206163056.0,8.74,8710.06329,24.209569848493977,1.633256251304307e-05,0.3113473056006698
92,Brazil,BRA,5.0,8515767.0,2017.0,97910656.0,3403.931,207833825.0,3.45,9928.675897,24.405766973192197,1.6378137678022335e-05,0.4711006786311131
93,Brazil,BRA,5.0,8515767.0,2018.0,82366528.0,3417.385,209469320.0,3.66,9151.381732,24.597821899072628,1.631448939634692e-05,0.3932152355294799
94,Brazil,BRA,5.0,8515767.0,2019.0,101126408.0,3487.616,211049519.0,3.73,8876.059836,24.78338345800208,1.652510755070709e-05,0.479159623197246
98,Bulgaria,BGR,105.0,110879.0,2016.0,2226094.0,212.233,7127822.0,-0.8,7569.478815,64.28468871472506,2.9775294613137084e-05,0.31231054872021213
99,Bulgaria,BGR,105.0,110879.0,2017.0,2562569.0,216.899,7075947.0,1.19,8366.293221,63.81683637117939,3.065299952077086e-05,0.3621520907378193
100,Bulgaria,BGR,105.0,110879.0,2018.0,3522500.0,217.624,7025037.0,2.81,9446.700772,63.357687208578724,3.097834217812661e-05,0.5014208466090642
101,Bulgaria,BGR,105.0,110879.0,2019.0,4059790.0,210.126,6975761.0,2.46,9879.268533,62.913274831122216,3.0122304935619213e-05,0.5819852486345217
102,Burkina Faso,BFA,75.0,272967.0,2016.0,1602525.0,15.056,18646350.0,-0.24,688.2506963,68.30990559298377,8.074502516578311e-07,0.08594309342042812
103,Burkina Faso,BFA,75.0,272967.0,2017.0,1533431.0,17.443,19193236.0,0.35,734.996268,70.3133931940491,9.088097494346447e-07,0.07989434402828163
104,Burkina Faso,BFA,75.0,272967.0,2018.0,1700127.0,19.1,19751466.0,1.96,804.5005378,72.35843893217861,9.670168280167154e-07,0.0860759905112866
105,Burkina Faso,BFA,75.0,272967.0,2019.0,1710898.0,19.238,20321383.0,-3.23,796.1152068,74.44629936952086,9.466875359811879e-07,0.0841920060263615
106,Burundi,BDI,146.0,27834.0,2016.0,243740.0,2.273,10488002.0,5.56,251.6514772,376.8054178343034,2.167238335766908e-07,0.023239888779578798
107,Burundi,BDI,146.0,27834.0,2017.0,228355.0,2.754,10827010.0,16.64,250.5146007,388.9850542501976,2.543638548408102e-07,0.021091233867891506
108,Burundi,BDI,146.0,27834.0,2018.0,290498.0,3.342,11175379.0,-2.81,238.0343096,401.501005963929,2.990502603983274e-07,0.02599446515415719
109,Burundi,BDI,146.0,27834.0,2019.0,270813.0,3.675,11530577.0,-0.71,223.8628757,414.26230509448874,3.187177883639301e-07,0.023486508957877822
110,Cambodia,KHM,90.0,181035.0,2016.0,663000.0,44.103,15766290.0,3.02,1269.591499,87.08973402933134,2.797297271583867e-06,0.042051744576561766
111,Cambodia,KHM,90.0,181035.0,2017.0,750000.0,46.578,16009413.0,2.91,1385.260066,88.43269533515618,2.9094133557551425e-06,0.046847439066004484
112,Cambodia,KHM,90.0,181035.0,2018.0,1232000.0,58.791,16249795.0,2.39,1512.126989,89.76051592233546,3.6179533341805233e-06,0.07581634106768731
113,Cambodia,KHM,90.0,181035.0,2019.0,895000.0,65.851,16486542.0,2.01,1643.121389,91.06825751926424,3.994227534191221e-06,0.05428670245100519
114,Cameroon,CMR,54.0,475442.0,2016.0,2164003.0,42.342,23926549.0,0.87,1413.255957,50.32485350473875,1.769665989023323e-06,0.09044359050693018
115,Cameroon,CMR,54.0,475442.0,2017.0,2064612.0,46.242,24566070.0,0.64,1469.4475,51.66996184602959,1.8823523664957398e-06,0.08404323524275556
116,Cameroon,CMR,54.0,475442.0,2018.0,2099729.0,47.125,25216261.0,1.07,1585.240534,53.03751246208791,1.8688337656403541e-06,0.0832688478279948
117,Cameroon,CMR,54.0,475442.0,2019.0,2109448.0,46.941,25876387.0,2.45,1533.095688,54.425959423021105,1.814047687569366e-06,0.08152019058920397
118,Canada,CAN,2.0,9984670.0,2016.0,13889000.0,3985.288,36109487.0,1.43,42315.60371,3.616492783437009,0.00011036678532708039,0.38463576067973493
119,Canada,CAN,2.0,9984670.0,2017.0,14095500.0,4049.998,36545236.0,1.6,45129.4293,3.66013458632083,0.00011082150351963796,0.38570006771881293
120,Canada,CAN,2.0,9984670.0,2018.0,13884800.0,4084.02,37065084.0,2.27,46548.63841,3.712199201375709,0.00011018510034942859,0.3746059229219607
121,Canada,CAN,2.0,9984670.0,2019.0,13403900.0,4064.001,37601230.0,1.95,46328.67184,3.7658961187500437,0.00010808159733072562,0.3564750408430788
122,Cape Verde,CPV,174.0,4033.0,2016.0,5642.0,3.988,531140.0,-1.41,3131.017598,131.698487478304,7.508378205369582e-06,0.010622434762962684
123,Cape Verde,CPV,174.0,4033.0,2017.0,4.0,4.231,537499.0,0.78,3292.633503,133.27522935779817,7.87164255189312e-06,7.441874310463834e-06
124,Cape Verde,CPV,174.0,4033.0,2018.0,719.0,4.282,543764.0,1.25,3616.460666,134.82866352591122,7.874739776814942e-06,0.0013222648060555683
125,Cape Verde,CPV,174.0,4033.0,2019.0,640.0,4.276,549936.0,1.11,3603.775241,136.3590379370196,7.77545023420907e-06,0.0011637717843530884
127,Central African Republic,CAF,43.0,622984.0,2016.0,92355.0,1.507,4537683.0,4.01,402.1916451,7.283787384587726,3.3210781802078285e-07,0.0203528981641071
128,Central African Republic,CAF,43.0,622984.0,2017.0,90000.0,1.507,4596023.0,4.46,450.900697,7.377433449334172,3.27892179825906e-07,0.019582147434858355
129,Central African Republic,CAF,43.0,622984.0,2018.0,90000.0,1.541,4666375.0,1.61,475.9538139,7.4903609081453135,3.30234925397123e-07,0.019286919718196672
130,Central African Republic,CAF,43.0,622984.0,2019.0,90000.0,1.558,4745179.0,2.68,468.1175148,7.616855328547763,3.2833324095887637e-07,0.01896661854062829
131,Chad,TCD,21.0,1284000.0,2016.0,443779.0,4.158,14561658.0,-1.12,693.4497674,11.340855140186916,2.8554440709979594e-07,0.030475856526777378
132,Chad,TCD,21.0,1284000.0,2017.0,396506.0,6.708,15016761.0,-0.9,665.9488849,11.695296728971963,4.467008564629883e-07,0.026404229247572096
133,Chad,TCD,21.0,1284000.0,2018.0,437898.0,7.106,15477727.0,4.27,726.1510071,12.054304517133957,4.591113410903293e-07,0.028292138761718693
134,Chad,TCD,21.0,1284000.0,2019.0,414606.0,7.363,15946882.0,-0.97,709.5400432,12.419690031152648,4.6172035385977025e-07,0.025999189057773174
135,Chile,CHL,38.0,756102.0,2016.0,1174487.0,444.336,18209072.0,3.79,13690.90746,24.082824804060827,2.4401902524192336e-05,0.06450010192721518
136,Chile,CHL,38.0,756102.0,2017.0,1062589.0,448.604,18470435.0,2.18,14962.55685,24.428496419795213,2.4287679201924588e-05,0.05752918109400239
137,Chile,CHL,38.0,756102.0,2018.0,1110608.0,468.094,18729166.0,2.44,15772.33348,24.77068702370844,2.4992783981945593e-05,0.05929831579259856
138,Chile,CHL,38.0,756102.0,2019.0,973178.0,481.955,18952035.0,2.25,14699.46278,25.065447518985533,2.5430250630077455e-05,0.051349525262062885
139,China,CHN,3.0,9706961.0,2016.0,263612992.0,35876.348,1387790000.0,2.0,8094.363367,142.96853567249318,2.5851424206832446e-05,0.18995164398071754
140,China,CHN,3.0,9706961.0,2017.0,259071008.0,37112.145,1396215000.0,1.56,8816.986905,143.83646951914199,2.658053738142048e-05,0.18555237409711256
141,China,CHN,3.0,9706961.0,2018.0,257173904.0,38578.57,1402760000.0,2.07,9905.342004,144.5107279198917,2.750190339045881e-05,0.18333421540391798
142,China,CHN,3.0,9706961.0,2019.0,260778896.0,39978.492,1407745000.0,2.9,10143.8382,145.02427690808688,2.8398958618215655e-05,0.18524583358491772
145,Colombia,COL,26.0,1141748.0,2016.0,1295089.0,504.49,48175048.0,7.51,5870.777957,42.194116389956456,1.0472018626738058e-05,0.026882983074557602
146,Colombia,COL,26.0,1141748.0,2017.0,1329856.0,509.894,48909844.0,4.31,6376.706716,42.83768747569516,1.0425181482893301e-05,0.0271899456477514
147,Colombia,COL,26.0,1141748.0,2018.0,1378368.0,519.911,49661056.0,3.24,6729.583332,43.49563651523804,1.0469189378494085e-05,0.027755511280307853
148,Colombia,COL,26.0,1141748.0,2019.0,1394863.0,535.983,50339443.0,3.52,6418.615783,44.08980177762518,1.0647376451900748e-05,0.027709146483801975
149,Comoros,COM,179.0,1862.0,2016.0,6241.0,0.887,795597.0,1.8,1273.050952,427.28088077336196,1.114886054120365e-06,0.007844423747198645
150,Comoros,COM,179.0,1862.0,2017.0,6269.0,1.137,813890.0,0.09,1323.814843,437.10526315789474,1.3969946798707441e-06,0.007702515081890673
151,Comoros,COM,179.0,1862.0,2018.0,6262.0,1.237,832322.0,1.75,1428.290463,447.00429645542425,1.4862036567578414e-06,0.007523530556683591
152,Comoros,COM,179.0,1862.0,2019.0,6257.0,1.333,850891.0,3.7,1404.433187,456.97690655209453,1.5665931359010732e-06,0.007353468305576155
154,Costa Rica,CRI,129.0,51100.0,2016.0,9542.0,61.194,4899336.0,-0.02,12011.22275,95.8774168297456,1.2490263986793313e-05,0.0019476108599206096
155,Costa Rica,CRI,129.0,51100.0,2017.0,6720.0,63.556,4949955.0,1.63,12225.57449,96.86800391389433,1.2839712684256725e-05,0.0013575880992857511
156,Costa Rica,CRI,129.0,51100.0,2018.0,18063.0,64.967,4999443.0,2.22,12485.4239,97.83645792563601,1.2994847626025539e-05,0.0036130024884772163
157,Costa Rica,CRI,129.0,51100.0,2019.0,13306.0,66.419,5047561.0,2.1,12762.13801,98.77810176125244,1.315863245634872e-05,0.0026361246550561748
158,Croatia,HRV,127.0,56594.0,2016.0,2154470.0,94.732,4174349.0,-1.12,12527.73986,73.75956815210093,2.2693838009232097e-05,0.516121196382957
159,Croatia,HRV,127.0,56594.0,2017.0,1559638.0,94.783,4124531.0,1.13,13629.28959,72.87929815881542,2.2980309761279524e-05,0.37813705364319
160,Croatia,HRV,127.0,56594.0,2018.0,2147280.0,98.16,4087843.0,1.5,15227.5601,72.2310315581157,2.4012663891445927e-05,0.5252843614590873
161,Croatia,HRV,127.0,56594.0,2019.0,2298320.0,95.813,4065253.0,0.77,15311.7669,71.83187263667527,2.3568766814759133e-05,0.5653571868712722
162,Cuba,CUB,106.0,109884.0,2016.0,404467.0,99.532,11335108.0,0.0,8060.796598,103.1552182301336,8.780860314696604e-06,0.03568267721842615
163,Cuba,CUB,106.0,109884.0,2017.0,373870.0,106.043,11339255.0,0.0,8541.213686,103.19295802846638,9.351848953039685e-06,0.03297130190651855
164,Cuba,CUB,106.0,109884.0,2018.0,345909.0,111.202,11338146.0,0.0,8824.194008,103.18286556732555,9.807776333097139e-06,0.030508427039129676
165,Cuba,CUB,106.0,109884.0,2019.0,307000.0,108.896,11333484.0,0.0,9125.878679,103.14043900840886,9.608342853795002e-06,0.027087875184718134
167,Cyprus,CYP,168.0,9251.0,2016.0,0.0,31.737,1170189.0,-1.43,24605.91992,126.49324397362447,2.7121259899041948e-05,0.0
168,Cyprus,CYP,168.0,9251.0,2017.0,0.0,32.596,1179685.0,0.68,26608.875,127.51972759701654,2.7631104913599814e-05,0.0
169,Cyprus,CYP,168.0,9251.0,2018.0,0.0,32.462,1189262.0,1.43,29334.11133,128.55496703059129,2.7295919654373893e-05,0.0
170,Cyprus,CYP,168.0,9251.0,2019.0,0.0,32.493,1198574.0,0.56,29206.07617,129.5615609123338,2.710971537844138e-05,0.0
173,Denmark,DNK,133.0,43094.0,2016.0,43800.0,201.166,5728010.0,0.25,54663.99837,132.91896783775005,3.511970125750479e-05,0.007646634695120993
174,Denmark,DNK,133.0,43094.0,2017.0,38900.0,202.395,5764980.0,1.06,57610.09818,133.77685988768738,3.5107667329288225e-05,0.006747638326585695
175,Denmark,DNK,133.0,43094.0,2018.0,35480.0,199.434,5793636.0,0.81,61591.92887,134.4418248480067,3.44229426909112e-05,0.006123960842552069
176,Denmark,DNK,133.0,43094.0,2019.0,40820.0,195.593,5814422.0,0.73,59775.7351,134.92416577713834,3.363928521184049e-05,0.007020474262102063
177,Djibouti,DJI,150.0,23200.0,2016.0,17.0,3.04,929117.0,2.7,2803.689125,40.04814655172414,3.27192377278642e-06,1.8296942150450374e-05
178,Djibouti,DJI,150.0,23200.0,2017.0,17.0,2.65,944100.0,0.57,2926.153304,40.69396551724138,2.8069060480881263e-06,1.8006567100942696e-05
179,Djibouti,DJI,150.0,23200.0,2018.0,17.0,2.787,958923.0,0.15,3038.269738,41.332887931034485,2.9063856013465106e-06,1.7728222182594433e-05
180,Djibouti,DJI,150.0,23200.0,2019.0,17.0,2.53,973557.0,3.32,3172.750685,41.96366379310345,2.598717897359887e-06,1.7461740812299638e-05
181,Dominica,DMA,188.0,751.0,2016.0,188.0,0.85,71307.0,0.03,8080.968623,94.94940079893475,1.1920288330738918e-05,0.002636487301386961
182,Dominica,DMA,188.0,751.0,2017.0,192.0,0.794,71460.0,0.3,7298.51458,95.15312916111851,1.1111111111111112e-05,0.002686817800167926
183,Dominica,DMA,188.0,751.0,2018.0,192.0,0.819,71626.0,0.99,7745.376963,95.37416777629826,1.1434395331304274e-05,0.0026805908468991706
184,Dominica,DMA,188.0,751.0,2019.0,193.0,0.789,71808.0,1.61,8516.280039,95.61651131824235,1.0987633689839573e-05,0.002687722816399287
185,Dominican Republic,DOM,131.0,48671.0,2016.0,41666.0,103.54,10397738.0,1.63,7280.88361,213.6331285570463,9.957935081649491e-06,0.004007217723701059
186,Dominican Republic,DOM,131.0,48671.0,2017.0,44007.0,102.122,10513111.0,3.28,7609.353275,216.00359557025743,9.713775494237624e-06,0.00418591604331011
187,Dominican Republic,DOM,131.0,48671.0,2018.0,44681.0,112.906,10627147.0,3.56,8050.644076,218.34659242670173,1.0624300200232481e-05,0.004204420998410957
188,Dominican Republic,DOM,131.0,48671.0,2019.0,49840.0,122.796,10738957.0,1.81,8282.117131,220.64385362947135,1.1434630011089533e-05,0.004641046611882327
190,Ecuador,ECU,74.0,276841.0,2016.0,1091108.0,187.404,16491116.0,1.73,6060.092962,59.568907784612826,1.1363936800881153e-05,0.06616338154434181
191,Ecuador,ECU,74.0,276841.0,2017.0,1436106.0,194.566,16785356.0,0.42,6213.503127,60.63175613438761,1.1591413372465857e-05,0.08555707725233828
192,Ecuador,ECU,74.0,276841.0,2018.0,1324147.0,205.892,17084359.0,-0.22,6295.934662,61.71180930570255,1.2051491074379788e-05,0.07750639049436973
193,Ecuador,ECU,74.0,276841.0,2019.0,1479770.0,211.307,17373657.0,0.27,6222.524653,62.756806253408996,1.216249405637512e-05,0.0851732021646335
194,Egypt,EGY,30.0,1002450.0,2016.0,7817640.0,1025.583,94447071.0,13.81,3519.87324,94.21624120903786,1.0858812127694252e-05,0.08277270980695632
195,Egypt,EGY,30.0,1002450.0,2017.0,8542635.0,1065.902,96442590.0,23.54,2444.290387,96.20688313631602,1.1052191775438632e-05,0.0885774117016144
196,Egypt,EGY,30.0,1002450.0,2018.0,5111236.0,1066.859,98423602.0,14.4,2537.125185,98.18305351887875,1.0839463079191106e-05,0.051930999233293654
197,Egypt,EGY,30.0,1002450.0,2019.0,7593140.0,1047.689,100388076.0,13.88,3019.092283,100.14272632051474,1.0436388879492023e-05,0.07563786758897541
198,El Salvador,SLV,152.0,21041.0,2016.0,923472.0,38.956,6356137.0,0.61,3805.995686,302.08340858324226,6.1288798526526415e-06,0.14528824661897627
199,El Salvador,SLV,152.0,21041.0,2017.0,904204.0,38.631,6388124.0,1.01,3910.254403,303.6036310061309,6.047315299452547e-06,0.14154452856581995
200,El Salvador,SLV,152.0,21041.0,2018.0,685509.0,41.654,6420740.0,1.09,4052.624775,305.15374744546364,6.487414223282675e-06,0.10676479658107944
201,El Salvador,SLV,152.0,21041.0,2019.0,785991.0,45.626,6453550.0,0.07,4167.730939,306.71308397889834,7.069907260345081e-06,0.1217920369409085
203,Eritrea,ERI,101.0,117600.0,2016.0,20000.0,2.398,0.0,9.0,0.0,0.0,0.0,0.0
204,Eritrea,ERI,101.0,117600.0,2017.0,20000.0,2.657,0.0,-13.31,0.0,0.0,0.0,0.0
205,Eritrea,ERI,101.0,117600.0,2018.0,20000.0,3.045,0.0,-14.4,0.0,0.0,0.0,0.0
206,Eritrea,ERI,101.0,117600.0,2019.0,20000.0,3.305,0.0,-16.36,0.0,0.0,0.0,0.0
207,Estonia,EST,132.0,45227.0,2016.0,0.0,70.557,1315790.0,0.15,18295.34293,29.09301965639994,5.362329855068058e-05,0.0
208,Estonia,EST,132.0,45227.0,2017.0,0.0,78.259,1317384.0,3.65,20437.76538,29.128264090034715,5.940485082557554e-05,0.0
209,Estonia,EST,132.0,45227.0,2018.0,0.0,77.648,1321977.0,3.44,23063.56382,29.229818471267162,5.873627150850582e-05,0.0
210,Estonia,EST,132.0,45227.0,2019.0,0.0,62.558,1326855.0,2.27,23397.87826,29.337674398036572,4.714757829604591e-05,0.0
211,Ethiopia,ETH,27.0,1104300.0,2016.0,8846787.0,84.997,103603461.0,7.28,717.1248698,93.81822059223038,8.204069553236257e-07,0.08539084423058028
212,Ethiopia,ETH,27.0,1104300.0,2017.0,10488193.0,86.028,106399926.0,10.69,768.5230154,96.35056234718826,8.085343969130204e-07,0.09857331103782911
213,Ethiopia,ETH,27.0,1104300.0,2018.0,10119847.0,90.238,109224410.0,13.84,771.5248663,98.9082767363941,8.261706334692034e-07,0.09265188065561535
214,Ethiopia,ETH,27.0,1104300.0,2019.0,9635735.0,105.761,112078727.0,15.81,855.7608852,101.4930064294123,9.436313458485301e-07,0.0859729161627612
217,Fiji,FJI,156.0,18272.0,2016.0,867.0,7.447,872406.0,3.87,5651.272721,47.7455122591944,8.53616320841443e-06,0.000993803343855957
218,Fiji,FJI,156.0,18272.0,2017.0,961.0,8.065,877460.0,3.35,6101.02389,48.02211033274956,9.191302167620177e-06,0.0010952066191051444
219,Fiji,FJI,156.0,18272.0,2018.0,1208.0,8.497,883490.0,4.08,6317.413723,48.3521234676007,9.61753953072474e-06,0.0013673046667194875
220,Fiji,FJI,156.0,18272.0,2019.0,1400.0,8.581,889955.0,1.77,6175.890653,48.7059435201401,9.642060553623497e-06,0.0015731132472990208
221,Finland,FIN,66.0,338424.0,2016.0,0.0,334.467,5495303.0,0.36,43814.02651,16.23792343332624,6.086415981066012e-05,0.0
222,Finland,FIN,66.0,338424.0,2017.0,0.0,327.815,5508214.0,0.84,46412.13648,16.276073800912464,5.951384604882817e-05,0.0
223,Finland,FIN,66.0,338424.0,2018.0,0.0,334.254,5515525.0,1.08,49988.91085,16.297676878708366,6.0602390524927365e-05,0.0
224,Finland,FIN,66.0,338424.0,2019.0,0.0,327.364,5521606.0,1.14,48628.64176,16.31564546249675,5.9287823144208404e-05,0.0
225,France,FRA,49.0,551695.0,2016.0,11839729.0,2760.945,66724104.0,0.18,37062.53357,120.94382584580248,4.137852491807159e-05,0.1774430571596735
226,France,FRA,49.0,551695.0,2017.0,14534897.0,2740.535,66918020.0,1.16,38781.04949,121.29531715893745,4.095361757565451e-05,0.21720452876519658
227,France,FRA,49.0,551695.0,2018.0,12580430.0,2791.125,67101930.0,1.85,41592.7959,121.62867163922094,4.1595301357203884e-05,0.18748238687024352
228,France,FRA,49.0,551695.0,2019.0,12845020.0,2732.134,67248926.0,1.3,40578.64429,121.89511596081168,4.062717670762504e-05,0.19100706530242578
229,French Polynesia,PYF,173.0,4167.0,2016.0,0.0,4.72,274576.0,0.0,20020.09386,65.892968562515,1.71901404347066e-05,0.0
230,French Polynesia,PYF,173.0,4167.0,2017.0,0.0,4.598,276108.0,0.0,21127.06433,66.26061915046796,1.665290393614093e-05,0.0
231,French Polynesia,PYF,173.0,4167.0,2018.0,0.0,4.684,277673.0,0.0,22094.75746,66.6361891048716,1.6868762897364888e-05,0.0
232,French Polynesia,PYF,173.0,4167.0,2019.0,0.0,4.718,279285.0,0.0,21512.2733,67.02303815694745,1.6893137834112107e-05,0.0
233,Gabon,GAB,77.0,267668.0,2016.0,44272.0,20.318,2007882.0,2.09,6984.419712,7.5013897813709525,1.0119120545928497e-05,0.022049104479247288
234,Gabon,GAB,77.0,267668.0,2017.0,45162.0,19.864,2064812.0,2.65,7230.434912,7.714078634726602,9.620246298452353e-06,0.021872209189020598
235,Gabon,GAB,77.0,267668.0,2018.0,44388.0,17.484,2119275.0,4.78,7959.007267,7.9175508465711255,8.249991152634747e-06,0.02094489860919418
236,Gabon,GAB,77.0,267668.0,2019.0,44607.0,17.052,2172578.0,2.02,7766.996554,8.116689331559993,7.848740068250714e-06,0.020531829006829674
237,Gambia,GMB,166.0,10689.0,2016.0,31000.0,2.337,2149134.0,7.22,690.7804932,201.06034240808307,1.0874147447297378e-06,0.014424414671211753
238,Gambia,GMB,166.0,10689.0,2017.0,21000.0,2.377,2213900.0,8.05,679.7550717,207.11946861259239,1.0736708975111793e-06,0.009485523284701206
239,Gambia,GMB,166.0,10689.0,2018.0,18000.0,2.393,2280092.0,6.52,732.7207273,213.31200299373188,1.0495190544942922e-06,0.007894418295402114
240,Gambia,GMB,166.0,10689.0,2019.0,17000.0,2.44,2347696.0,7.12,772.5055883,219.6366357938067,1.0393168451111218e-06,0.007241141953643061
241,Georgia,GEO,122.0,69700.0,2016.0,243700.0,72.101,3727505.0,2.12,4062.169888,53.479268292682924,1.9342965334721215e-05,0.06537885261052634
242,Georgia,GEO,122.0,69700.0,2017.0,142500.0,71.688,3728004.0,6.04,4357.000936,53.486427546628406,1.9229593101294956e-05,0.03822420791394
243,Georgia,GEO,122.0,69700.0,2018.0,194200.0,73.12,3726549.0,2.62,4722.042423,53.46555236728838,1.9621370871548987e-05,0.05211255775786123
244,Georgia,GEO,122.0,69700.0,2019.0,207100.0,74.129,3720161.0,4.85,4696.150586,53.37390243902439,1.992628813645431e-05,0.05566963365295212
245,Germany,DEU,63.0,357114.0,2016.0,4017800.0,3840.512,82348669.0,0.49,42136.12079,230.59490526834568,4.663720794321521e-05,0.04879010248483798
246,Germany,DEU,63.0,357114.0,2017.0,4547600.0,3890.363,82657002.0,1.71,44652.58917,231.45830743124046,4.706634532909868e-05,0.05501772251551054
247,Germany,DEU,63.0,357114.0,2018.0,3344300.0,3792.85,82905782.0,1.73,47973.60762,232.15494771977575,4.574892014166153e-05,0.04033856166992068
248,Germany,DEU,63.0,357114.0,2019.0,3664800.0,3695.202,83092962.0,1.35,46794.89929,232.67909407080091,4.447069777100978e-05,0.04410481840808612
249,Ghana,GHA,82.0,238533.0,2016.0,1721910.0,83.195,28481947.0,17.44,1971.956935,119.40464002884296,2.920973064095653e-06,0.06045619002099821
250,Ghana,GHA,82.0,238533.0,2017.0,2011179.0,83.195,29121464.0,12.37,2074.290733,122.08568206495538,2.856827527627045e-06,0.06906174085203959
251,Ghana,GHA,82.0,238533.0,2018.0,2306384.0,93.799,29767108.0,9.84,2260.860567,124.79241027446936,3.1510954977554423e-06,0.07748095649735272
252,Ghana,GHA,82.0,238533.0,2019.0,2900000.0,100.207,30417858.0,7.18,2246.625578,127.52054432720001,3.2943476822069453e-06,0.09533873160956961
254,Greece,GRC,97.0,131990.0,2016.0,1505461.0,302.53,10775971.0,-0.83,17923.96681,81.64232896431548,2.807450020049237e-05,0.13970536854637045
255,Greece,GRC,97.0,131990.0,2017.0,1461730.0,263.228,10754679.0,1.14,18582.08934,81.48101371316008,2.4475672402681662e-05,0.13591572561115028
256,Greece,GRC,97.0,131990.0,2018.0,1205980.0,318.805,10732882.0,0.63,19756.99046,81.31587241457686,2.9703578218785972e-05,0.11236310992704476
257,Greece,GRC,97.0,131990.0,2019.0,1233620.0,311.048,10721582.0,0.52,19133.75776,81.23025986817183,2.9011390296693155e-05,0.11505951267266341
259,Grenada,GRD,205.0,344.0,2016.0,388.0,1.221,110263.0,1.72,9628.259169,320.53197674418607,1.1073524210297199e-05,0.0035188594542140154
260,Grenada,GRD,205.0,344.0,2017.0,384.0,1.327,110874.0,0.91,10152.83281,322.3081395348837,1.196854086620849e-05,0.003463390876129661
261,Grenada,GRD,205.0,344.0,2018.0,376.0,1.307,111449.0,0.81,10466.88221,323.9796511627907,1.1727337167673106e-05,0.003373740455275507
262,Grenada,GRD,205.0,344.0,2019.0,383.0,1.306,112002.0,0.6,10834.49568,325.58720930232556,1.1660506062391743e-05,0.0034195817931822648
264,Guatemala,GTM,107.0,108889.0,2016.0,1899318.0,87.482,15827690.0,4.45,4173.301666,145.35618841205263,5.527148939611529e-06,0.11999969673401488
265,Guatemala,GTM,107.0,108889.0,2017.0,1951551.0,94.633,16087418.0,4.43,4454.04815,147.7414431209764,5.8824231458398105e-06,0.1213091497964434
266,Guatemala,GTM,107.0,108889.0,2018.0,1977433.0,97.157,16346950.0,3.75,4478.424646,150.12489783173692,5.9434328727989015e-06,0.12096647998556305
267,Guatemala,GTM,107.0,108889.0,2019.0,1870000.0,100.017,16604026.0,3.7,4638.634943,152.48579746347198,6.023659563048142e-06,0.11262328787006236
269,Guinea,GIN,79.0,245857.0,2016.0,748639.0,15.34,11738434.0,8.17,732.2915119,47.744965569416365,1.3068182689445628e-06,0.0637767354657359
270,Guinea,GIN,79.0,245857.0,2017.0,817286.0,15.438,12067516.0,8.91,855.5752706,49.08347535355918,1.2793022192802562e-06,0.06772611695729262
271,Guinea,GIN,79.0,245857.0,2018.0,818544.0,14.088,12414292.0,9.83,955.1112811,50.4939538024136,1.1348210594691988e-06,0.06593561678748977
272,Guinea,GIN,79.0,245857.0,2019.0,871359.0,15.476,12771246.0,9.47,1052.588091,51.94583029972708,1.2117846606353054e-06,0.06822819010768409
273,Guinea-Bissau,GNB,138.0,36125.0,2016.0,6000.0,1.704,1782434.0,1.5,661.4578387,49.34073356401384,9.559961266448015e-07,0.0033661835445239485
274,Guinea-Bissau,GNB,138.0,36125.0,2017.0,7000.0,1.379,1828146.0,1.06,738.5499449,50.606117647058824,7.543161213601102e-07,0.0038290158444675643
275,Guinea-Bissau,GNB,138.0,36125.0,2018.0,7000.0,1.386,1874304.0,1.44,802.7673851,51.88384775086505,7.394744929317762e-07,0.0037347196612715974
276,Guinea-Bissau,GNB,138.0,36125.0,2019.0,7000.0,1.385,1920917.0,0.25,749.453747,53.17417301038062,7.210098093775004e-07,0.0036440928993808686
277,Guyana,GUY,85.0,214969.0,2016.0,4000.0,9.426,771363.0,0.83,5811.397924,3.5882522596281325,1.2219927582733421e-05,0.005185625963392074
278,Guyana,GUY,85.0,214969.0,2017.0,4000.0,9.334,775218.0,1.94,6124.95367,3.606185077848434,1.204048409608652e-05,0.005159838909829235
279,Guyana,GUY,85.0,214969.0,2018.0,4000.0,9.474,779007.0,1.27,6145.819277,3.6238108750564035,1.2161636544986117e-05,0.0051347420498147
280,Guyana,GUY,85.0,214969.0,2019.0,4000.0,11.151,782775.0,2.09,6609.51128,3.6413389837604493,1.4245472837022132e-05,0.005110025230749577
281,Haiti,HTI,147.0,27750.0,2016.0,257435.0,14.088,10839976.0,13.38,1290.380508,390.62976576576574,1.2996338737281336e-06,0.023748668816240923
282,Haiti,HTI,147.0,27750.0,2017.0,225000.0,13.984,10982367.0,14.74,1369.063734,395.760972972973,1.2733138493732727e-06,0.02048738673548243
283,Haiti,HTI,147.0,27750.0,2018.0,234033.0,14.597,11123183.0,12.89,1479.345827,400.83542342342344,1.3123042208331913e-06,0.021040110551089557
284,Haiti,HTI,147.0,27750.0,2019.0,194597.0,13.106,11263079.0,17.31,1312.770636,405.8767207207207,1.163624973242219e-06,0.017277424761026713
285,Honduras,HND,103.0,112492.0,2016.0,613334.0,47.45,9270794.0,2.72,2342.584904,82.41291825196458,5.118223962262564e-06,0.06615765596776285
286,Honduras,HND,103.0,112492.0,2017.0,683734.0,50.38,9429016.0,3.93,2453.727115,83.81943604878569,5.343081398949795e-06,0.07251382328760499
287,Honduras,HND,103.0,112492.0,2018.0,705309.0,56.116,9587523.0,4.34,2510.322943,85.2284873591011,5.853023768495783e-06,0.07356529940006402
288,Honduras,HND,103.0,112492.0,2019.0,589020.0,56.556,9746115.0,4.36,2574.356751,86.63829427870427,5.802927628085653e-06,0.06043638926895486
289,Hong Kong,HKG,183.0,1104.0,2016.0,0.0,335.114,7336600.0,2.42,43733.91636,6645.471014492754,4.567701660169561e-05,0.0
290,Hong Kong,HKG,183.0,1104.0,2017.0,0.0,359.495,7393200.0,1.48,46160.42979,6696.739130434783,4.862508791862793e-05,0.0
291,Hong Kong,HKG,183.0,1104.0,2018.0,0.0,363.676,7452600.0,2.41,48537.56689,6750.54347826087,4.879854010680836e-05,0.0
292,Hong Kong,HKG,183.0,1104.0,2019.0,0.0,344.727,7507900.0,2.87,48356.0635,6800.634057971014,4.591523595146445e-05,0.0
293,Hungary,HUN,110.0,93028.0,2016.0,8729915.0,255.556,9814023.0,0.39,13107.37791,105.4953669862837,2.603988191183167e-05,0.8895348013755419
294,Hungary,HUN,110.0,93028.0,2017.0,6739186.0,269.399,9787966.0,2.41,14623.69665,105.21526852130542,2.752349160183025e-05,0.6885175122185754
295,Hungary,HUN,110.0,93028.0,2018.0,7930560.0,271.378,9775564.0,2.85,16427.37276,105.08195382035517,2.7760853491420034e-05,0.8112636774717039
296,Hungary,HUN,110.0,93028.0,2019.0,8229690.0,274.99,9771141.0,3.37,16735.65978,105.03440899514125,2.8143079707886726e-05,0.8422445239506829
297,Iceland,ISL,108.0,103000.0,2016.0,0.0,61.442,335439.0,1.7,61987.92636,3.2566893203883494,0.0001831689219202299,0.0
298,Iceland,ISL,108.0,103000.0,2017.0,0.0,64.246,343400.0,1.76,72010.14903,3.333980582524272,0.0001870879440885265,0.0
299,Iceland,ISL,108.0,103000.0,2018.0,0.0,66.459,352721.0,2.68,74469.80406,3.4244757281553397,0.00018841804145486093,0.0
300,Iceland,ISL,108.0,103000.0,2019.0,0.0,63.328,360563.0,3.01,68941.46223,3.5006116504854368,0.0001756364352415528,0.0
301,India,IND,7.0,3287590.0,2016.0,25900000.0,8378.88,1324517250.0,4.94,1732.554242,402.88395146596747,6.325987826885607e-06,0.01955429421549625
302,India,IND,7.0,3287590.0,2017.0,25899870.0,8701.049,1338676779.0,3.6,1980.66702,407.1909146213488,6.499738500356852e-06,0.019347366299538985
303,India,IND,7.0,3287590.0,2018.0,28752880.0,9260.351,1352642283.0,4.86,1998.259076,411.43886038100857,6.8461197142689056e-06,0.021256824780184695
304,India,IND,7.0,3287590.0,2019.0,27715100.0,9485.631,1366417756.0,4.76,2072.244897,415.62900361663105,6.941969949049754e-06,0.02028303560774279
305,Indonesia,IDN,15.0,1904569.0,2016.0,23578412.0,1964.573,261556386.0,3.53,3562.816334,137.33101084812364,7.511087876860327e-06,0.0901465735957982
306,Indonesia,IDN,15.0,1904569.0,2017.0,28924016.0,2052.953,264650969.0,3.81,3837.578024,138.95583147683283,7.757209458772093e-06,0.10929117739221277
307,Indonesia,IDN,15.0,1904569.0,2018.0,30253938.0,2276.352,267670549.0,3.2,3893.859578,140.54127154227544,8.504305044033814e-06,0.11302677157807152
308,Indonesia,IDN,15.0,1904569.0,2019.0,22586000.0,2429.447,270625567.0,2.82,4135.233344,142.0928131246492,8.977152554104395e-06,0.0834584856500273
309,Iran,IRN,18.0,1648195.0,2016.0,1170587.0,2888.745,79563991.0,7.26,5755.802448,48.27340878961531,3.630719077427878e-05,0.014712522402251038
310,Iran,IRN,18.0,1648195.0,2017.0,693510.0,3009.564,80673888.0,9.64,6032.065127,48.94681029853871,3.7305305032527993e-05,0.008596461844010791
311,Iran,IRN,18.0,1648195.0,2018.0,608898.0,3107.934,81800204.0,17.95,4046.341864,49.6301736141658,3.7994208425201484e-05,0.0074437222674896995
312,Iran,IRN,18.0,1648195.0,2019.0,1400000.0,3262.447,82913893.0,41.02,3514.042168,50.30587582173226,3.93474106926809e-05,0.01688498693457802
313,Iraq,IRQ,59.0,438317.0,2016.0,259546.0,499.762,36610632.0,0.52,4550.658638,83.52546672841801,1.3650734027208271e-05,0.0070893613636606985
314,Iraq,IRQ,59.0,438317.0,2017.0,185291.0,528.166,37552789.0,0.1,4985.452879,85.67495442795968,1.4064627796353556e-05,0.004934147501001856
315,Iraq,IRQ,59.0,438317.0,2018.0,225000.0,636.587,38433604.0,0.63,5915.850854,87.68449318643813,1.656329185261939e-05,0.005854251919752309
316,Iraq,IRQ,59.0,438317.0,2019.0,473064.0,618.086,39309789.0,-0.2,5943.458455,89.68346881366682,1.5723462672363873e-05,0.012034254368549269
317,Ireland,IRL,121.0,70273.0,2016.0,0.0,181.679,4755335.0,0.01,62861.63912,67.66944630227826,3.820529994206507e-05,0.0
318,Ireland,IRL,121.0,70273.0,2017.0,0.0,182.512,4807388.0,0.25,69774.02897,68.41017175871245,3.796489902624877e-05,0.0
319,Ireland,IRL,121.0,70273.0,2018.0,0.0,186.588,4867316.0,0.49,79107.60499,69.26296016962418,3.8334885181073096e-05,0.0
320,Ireland,IRL,121.0,70273.0,2019.0,0.0,186.708,4934340.0,0.88,80886.61574,70.21672619640545,3.783849511788811e-05,0.0
322,Israel,ISR,153.0,20770.0,2016.0,80264.0,281.314,8546000.0,-0.54,37330.2618,411.4588348579682,3.291762227942898e-05,0.009391996255558156
323,Israel,ISR,153.0,20770.0,2017.0,87583.0,287.011,8713300.0,0.24,40774.12961,419.5137217140106,3.2939414458356765e-05,0.01005164518609482
324,Israel,ISR,153.0,20770.0,2018.0,74929.0,291.729,8882800.0,0.81,42063.45313,427.67453057294176,3.2842009276354304e-05,0.008435290674111766
325,Israel,ISR,153.0,20770.0,2019.0,77801.0,302.052,9054000.0,0.84,43951.24773,435.91718825228696,3.3361166335321406e-05,0.008592997570134746
326,Italy,ITA,73.0,301336.0,2016.0,6839499.0,1817.045,60627498.0,-0.09,30960.73151,201.19566862240157,2.9970641374644884e-05,0.11281183003791448
327,Italy,ITA,73.0,301336.0,2017.0,6048499.0,1838.261,60536709.0,1.33,32406.72032,200.89438035946586,3.0366054421623746e-05,0.09991456588761705
328,Italy,ITA,73.0,301336.0,2018.0,6199150.0,1853.64,60421760.0,1.14,34622.16967,200.5129158149043,3.06783516402038e-05,0.10259797132688621
329,Italy,ITA,73.0,301336.0,2019.0,6279120.0,1821.218,59729081.0,0.63,33673.47545,198.21422266174636,3.049131125925075e-05,0.10512668025145071
331,Jamaica,JAM,165.0,10991.0,2016.0,2340.0,37.221,2906242.0,2.35,4843.7499,264.4201619506869,1.280726106084765e-05,0.0008051635066866421
332,Jamaica,JAM,165.0,10991.0,2017.0,2539.0,33.631,2920848.0,4.38,5070.099503,265.7490674187972,1.1514121926235122e-05,0.0008692681029618796
333,Jamaica,JAM,165.0,10991.0,2018.0,2177.0,34.678,2934853.0,3.73,5359.993789,267.02329178418705,1.1815924000282125e-05,0.0007417748009866252
334,Jamaica,JAM,165.0,10991.0,2019.0,2058.0,42.935,2948277.0,3.91,5369.498371,268.24465471749613,1.4562742917303904e-05,0.0006980348183023508
335,Japan,JPN,62.0,377930.0,2016.0,170.0,5228.627,127076000.0,-0.12,39375.47316,336.24216124679174,4.1145668733671195e-05,1.337782114640058e-06
336,Japan,JPN,62.0,377930.0,2017.0,167.0,5292.342,126972000.0,0.47,38834.05293,335.96697801180113,4.1681173802098096e-05,1.3152506064329144e-06
337,Japan,JPN,62.0,377930.0,2018.0,160.0,5264.132,126811000.0,0.98,39727.1166,335.5409731960945,4.151163542594885e-05,1.261720197774641e-06
338,Japan,JPN,62.0,377930.0,2019.0,166.0,5140.941,126633000.0,0.48,40458.00188,335.0699865054375,4.0597166615337234e-05,1.3108747324946893e-06
340,Jordan,JOR,112.0,89342.0,2016.0,29878.0,116.633,9554286.0,-0.78,4175.356602,106.9405878534172,1.2207400950735617e-05,0.0031271829208378314
341,Jordan,JOR,112.0,89342.0,2017.0,37179.0,120.709,9785840.0,3.32,4231.51828,109.53235880101184,1.2335067812267521e-05,0.0037992650605364487
342,Jordan,JOR,112.0,89342.0,2018.0,17434.0,117.921,9965322.0,4.46,4308.151074,111.5412907702984,1.1833134945363532e-05,0.0017494668009724122
343,Jordan,JOR,112.0,89342.0,2019.0,20936.0,116.005,10101697.0,0.68,4405.487109,113.06772850395112,1.1483714072991893e-05,0.0020725230622142
344,Kazakhstan,KAZ,9.0,2724900.0,2016.0,762360.0,728.591,17794055.0,14.59,7714.841844,6.530168079562553,4.0945754073481285e-05,0.042843522738352784
345,Kazakhstan,KAZ,9.0,2724900.0,2017.0,784695.0,766.602,18037776.0,7.43,9247.581331,6.619610260927007,4.2499807071559154e-05,0.04350286864633423
346,Kazakhstan,KAZ,9.0,2724900.0,2018.0,862094.0,851.439,18276452.0,6.02,9812.626371,6.707200998201769,4.658666791563264e-05,0.04716965853109783
347,Kazakhstan,KAZ,9.0,2724900.0,2019.0,895978.0,843.318,18513673.0,5.24,9812.595808,6.7942577709273735,4.5551090807318463e-05,0.04839547506321409
348,Kenya,KEN,48.0,580367.0,2016.0,3339000.0,92.765,49051531.0,6.33,1525.235192,84.51812559983597,1.8911744059527929e-06,0.06807126978360778
349,Kenya,KEN,48.0,580367.0,2017.0,3186000.0,94.561,50221146.0,7.99,1633.491216,86.53342798608466,1.8828921187899616e-06,0.06343941255342919
350,Kenya,KEN,48.0,580367.0,2018.0,4013777.0,103.216,51392570.0,4.69,1794.091175,88.55184736554628,2.0083837021577244e-06,0.0781003362937483
351,Kenya,KEN,48.0,580367.0,2019.0,3582000.0,97.218,52573967.0,5.2,1909.304537,90.5874506992989,1.8491661471922027e-06,0.06813257976138647
352,Kiribati,KIR,186.0,811.0,2016.0,0.0,0.282,112529.0,1.92,1586.344978,138.7533908754624,2.50602067022723e-06,0.0
353,Kiribati,KIR,186.0,811.0,2017.0,0.0,0.318,114153.0,0.36,1648.594957,140.75585696670777,2.785734934692912e-06,0.0
354,Kiribati,KIR,186.0,811.0,2018.0,0.0,0.32,115842.0,0.59,1693.950155,142.83847102342787,2.762383246145612e-06,0.0
355,Kiribati,KIR,186.0,811.0,2019.0,0.0,0.322,117608.0,-1.88,1512.95277,145.01602959309494,2.73790898578328e-06,0.0
357,Kuwait,KWT,157.0,17818.0,2016.0,2949.0,448.638,3956862.0,2.96,27653.15762,222.07105174542596,0.00011338227110270714,0.0007452875536220369
358,Kuwait,KWT,157.0,17818.0,2017.0,3838.0,457.236,4056102.0,1.51,29759.46747,227.64070041531036,0.00011272793435668037,0.0009462286697918346
359,Kuwait,KWT,157.0,17818.0,2018.0,8869.0,465.896,4137314.0,0.57,33399.06048,232.1985632506454,0.00011260832511141286,0.00214366132229751
360,Kuwait,KWT,157.0,17818.0,2019.0,25792.0,479.507,4207077.0,1.1,32373.25111,236.1138736109552,0.0001139762832959796,0.006130622282406526
361,Kyrgyzstan,KGZ,87.0,199951.0,2016.0,648744.0,66.995,6079500.0,0.39,1120.666513,30.404949212557078,1.101982070893988e-05,0.10671009129040217
362,Kyrgyzstan,KGZ,87.0,199951.0,2017.0,653351.0,69.386,6198200.0,3.18,1242.769643,30.998594655690646,1.1194540350424315e-05,0.10540979639250105
363,Kyrgyzstan,KGZ,87.0,199951.0,2018.0,692877.0,72.826,6322800.0,1.54,1308.140165,31.621747328095385,1.1517998355159106e-05,0.10958388688555704
364,Kyrgyzstan,KGZ,87.0,199951.0,2019.0,711786.0,65.922,6456200.0,1.14,1374.032105,32.28891078314187,1.0210650227688113e-05,0.11024844335677333
365,Laos,LAO,84.0,236800.0,2016.0,1552360.0,120.131,6845848.0,1.6,2324.400917,28.90983108108108,1.7548008661600434e-05,0.22675934376573947
366,Laos,LAO,84.0,236800.0,2017.0,1192525.0,121.38,6953031.0,0.66,2455.211559,29.362461993243244,1.7457134881176282e-05,0.17151153216489326
367,Laos,LAO,84.0,236800.0,2018.0,981680.0,126.282,7061498.0,2.03,2569.093892,29.8205152027027,1.7883174363286655e-05,0.13901866147947645
368,Laos,LAO,84.0,236800.0,2019.0,793625.0,153.777,7169456.0,3.32,2613.944427,30.276418918918917,2.1448907699552097e-05,0.11069528845703216
369,Latvia,LVA,125.0,64559.0,2016.0,0.0,44.5,1959537.0,0.14,14331.75159,30.35265416130981,2.2709446159985752e-05,0.0
370,Latvia,LVA,125.0,64559.0,2017.0,0.0,48.963,1942248.0,2.89,15695.11515,30.084852615437043,2.5209448021056013e-05,0.0
371,Latvia,LVA,125.0,64559.0,2018.0,0.0,43.562,1927174.0,2.53,17865.03109,29.851360770767826,2.2604082454412522e-05,0.0
372,Latvia,LVA,125.0,64559.0,2019.0,0.0,44.808,1913822.0,2.75,17926.84159,29.644542201706965,2.341283567646312e-05,0.0
373,Lebanon,LBN,167.0,10452.0,2016.0,2745.0,104.397,6714281.0,-0.82,7617.689634,642.3919823957137,1.554850027873424e-05,0.00040883007428494576
374,Lebanon,LBN,167.0,10452.0,2017.0,4864.0,111.45,6819373.0,4.48,7776.034642,652.446708763873,1.6343144743658986e-05,0.0007132620550305724
375,Lebanon,LBN,167.0,10452.0,2018.0,3000.0,105.138,6859408.0,6.07,8003.827612,656.2770761576732,1.5327561795420247e-05,0.00043735552689095036
376,Lebanon,LBN,167.0,10452.0,2019.0,3000.0,107.043,6855709.0,2.89,7527.44306,655.9231725985458,1.561370239022689e-05,0.0004375915022064093
377,Lesotho,LSO,141.0,30355.0,2016.0,19181.0,4.596,2075041.0,6.21,1018.784872,68.35911711414923,2.2148959948261263e-06,0.009243672775622264
378,Lesotho,LSO,141.0,30355.0,2017.0,172666.0,4.893,2091532.0,4.46,1102.629728,68.90238840388733,2.339433487032472e-06,0.08255479715347411
379,Lesotho,LSO,141.0,30355.0,2018.0,109912.0,4.799,2108327.0,4.01,1192.48432,69.45567451820129,2.2762123712308385e-06,0.05213233051609167
380,Lesotho,LSO,141.0,30355.0,2019.0,24621.0,4.873,2125267.0,5.19,1153.388058,70.0137374402899,2.292888375907592e-06,0.011584897332899819
381,Liberia,LBR,104.0,111369.0,2016.0,0.0,5.59,4586788.0,8.84,740.914906,41.185500453447546,1.2187177606638893e-06,0.0
382,Liberia,LBR,104.0,111369.0,2017.0,0.0,4.831,4702224.0,12.44,721.085044,42.22201869460981,1.0273861900241248e-06,0.0
383,Liberia,LBR,104.0,111369.0,2018.0,0.0,5.488,4818976.0,23.56,710.2659984,43.27035350950444,1.1388311541705128e-06,0.0
384,Liberia,LBR,104.0,111369.0,2019.0,0.0,5.488,4937374.0,26.97,672.3404992,44.3334680207239,1.1115220358028378e-06,0.0
385,Libya,LBY,17.0,1759540.0,2016.0,3288.0,176.389,6492160.0,25.88,7687.882134,3.689691623947168,2.7169539875788647e-05,0.0005064570189274448
386,Libya,LBY,17.0,1759540.0,2017.0,3417.0,174.603,6580723.0,28.47,10205.32483,3.7400246655375837,2.6532494985733333e-05,0.0005192438581596581
387,Libya,LBY,17.0,1759540.0,2018.0,3435.0,183.529,6678565.0,-1.2,11482.13364,3.79563124452982,2.7480304526496337e-05,0.0005143320458811137
388,Libya,LBY,17.0,1759540.0,2019.0,3380.0,175.292,6777453.0,4.56,10218.04303,3.851832297077645,2.5863993450046795e-05,0.0004987124219083482
390,Lithuania,LTU,124.0,65300.0,2016.0,86233.0,65.057,2868231.0,0.91,15008.31324,43.92390505359877,2.2681924851938355e-05,0.03006487273863228
391,Lithuania,LTU,124.0,65300.0,2017.0,56974.0,68.722,2828403.0,3.72,16885.40739,43.31398162327718,2.429710334771954e-05,0.02014352268753781
392,Lithuania,LTU,124.0,65300.0,2018.0,87590.0,70.461,2801543.0,2.7,19186.18128,42.902649310872896,2.51507829792368e-05,0.031264913656510004
393,Lithuania,LTU,124.0,65300.0,2019.0,97970.0,70.17,2794137.0,2.24,19575.76848,42.78923430321593,2.5113299741566e-05,0.03506270451305716
394,Luxembourg,LUX,176.0,2586.0,2016.0,840.0,42.459,582014.0,0.29,106899.2935,225.06341840680588,7.295185339184282e-05,0.0014432642513753965
395,Luxembourg,LUX,176.0,2586.0,2017.0,695.0,44.355,596336.0,2.11,110193.2138,230.6017014694509,7.437920903651633e-05,0.001165450350138177
396,Luxembourg,LUX,176.0,2586.0,2018.0,460.0,46.434,607950.0,1.53,117254.7404,235.09280742459396,7.637799161115223e-05,0.0007566411711489432
397,Luxembourg,LUX,176.0,2586.0,2019.0,660.0,47.287,620001.0,1.65,113218.7133,239.75290023201856,7.626923182381963e-05,0.0010645144120735289
400,Madagascar,MDG,46.0,587041.0,2016.0,316331.0,17.631,24894370.0,6.66,475.9555568,42.40652697171066,7.082324236363483e-07,0.012706929317753371
401,Madagascar,MDG,46.0,587041.0,2017.0,281487.0,16.165,25570511.0,8.28,515.2933234,43.55830512689914,6.321735220700126e-07,0.011008266514501803
402,Madagascar,MDG,46.0,587041.0,2018.0,215000.0,15.563,26262313.0,7.29,518.401123,44.73676114615504,5.925982224033351e-07,0.00818663611236375
403,Madagascar,MDG,46.0,587041.0,2019.0,219220.0,18.246,26969306.0,5.62,526.2245722,45.94109440396838,6.765468863010416e-07,0.008128499858320417
404,Malawi,MWI,100.0,118484.0,2016.0,2369493.0,10.148,17205253.0,21.73,315.7779871,145.21161507038926,5.898198648982378e-07,0.13771916053777297
405,Malawi,MWI,100.0,118484.0,2017.0,3464139.0,10.444,17670193.0,11.54,506.1372944,149.13568920698154,5.910518351440757e-07,0.19604420845884366
406,Malawi,MWI,100.0,118484.0,2018.0,2697959.0,9.955,18143215.0,9.22,544.5934593,153.12797508524358,5.486899648160483e-07,0.14870346848670427
407,Malawi,MWI,100.0,118484.0,2019.0,3391924.0,9.875,18628749.0,9.38,591.8470837,157.22586171972588,5.300946402788507e-07,0.18208007419070385
408,Malaysia,MYS,68.0,330803.0,2016.0,64867.0,1172.807,30684652.0,2.08,9817.78709,92.75808260505497,3.8221290565719955e-05,0.002113988452598387
409,Malaysia,MYS,68.0,330803.0,2017.0,72561.0,1188.351,31104655.0,3.8,10259.30481,94.02772949459346,3.820492463266351e-05,0.0023328019552057403
410,Malaysia,MYS,68.0,330803.0,2018.0,68907.0,1209.475,31528033.0,0.97,11380.07922,95.3075788309054,3.836189209774044e-05,0.002185578783173692
411,Malaysia,MYS,68.0,330803.0,2019.0,60498.0,1241.533,31949789.0,0.66,11432.82603,96.5825249468717,3.885887947491609e-05,0.001893533631787052
412,Maldives,MDV,207.0,300.0,2016.0,146.0,6.972,475505.0,0.8,9209.443564,1585.0166666666667,1.4662306390048476e-05,0.00030704198694020044
413,Maldives,MDV,207.0,300.0,2017.0,143.0,7.222,496398.0,2.27,9577.346946,1654.66,1.4548809624535153e-05,0.00028807529442100894
414,Maldives,MDV,207.0,300.0,2018.0,144.0,8.271,515704.0,1.37,10279.07998,1719.0133333333333,1.603827001535765e-05,0.00027922994586041607
415,Maldives,MDV,207.0,300.0,2019.0,144.0,9.288,530957.0,1.31,10561.61351,1769.8566666666666,1.7492941989652647e-05,0.0002712084029403511
416,Mali,MLI,24.0,1240192.0,2016.0,2811385.0,21.815,17965448.0,-1.8,780.7235497,14.486021519248633,1.2142753133681943e-06,0.15648844381726523
417,Mali,MLI,24.0,1240192.0,2017.0,3598205.0,23.786,18512429.0,1.76,830.0214445,14.9270669380225,1.2848665077932238e-06,0.19436698447297218
418,Mali,MLI,24.0,1240192.0,2018.0,3624950.0,24.775,19077755.0,1.73,894.8048435,15.382904421250903,1.29863288421515e-06,0.1900092542335301
419,Mali,MLI,24.0,1240192.0,2019.0,3816536.0,25.342,19658023.0,-2.89,879.0431675,15.850790038961708,1.2891428603985253e-06,0.19414648156633044
420,Malta,MLT,206.0,316.0,2016.0,0.0,32.548,455356.0,0.64,25624.53727,1441.0,7.147814018043026e-05,0.0
421,Malta,MLT,206.0,316.0,2017.0,0.0,37.073,467999.0,1.26,28857.01987,1481.009493670886,7.921598123072912e-05,0.0
422,Malta,MLT,206.0,316.0,2018.0,0.0,38.703,484630.0,1.16,31573.11656,1533.639240506329,7.986092482925118e-05,0.0
423,Malta,MLT,206.0,316.0,2019.0,0.0,40.376,504062.0,1.52,31185.64962,1595.132911392405,8.010125738500422e-05,0.0
425,Mauritania,MRT,29.0,1030700.0,2016.0,9600.0,10.664,4163532.0,1.47,1536.855615,4.039518773648976,2.5612869073661495e-06,0.0023057346502921077
426,Mauritania,MRT,29.0,1030700.0,2017.0,10000.0,16.126,4282582.0,2.27,1587.858904,4.155022800038808,3.765485401096815e-06,0.0023350399361880287
427,Mauritania,MRT,29.0,1030700.0,2018.0,12000.0,17.216,4403312.0,3.07,1669.773476,4.27215678664985,3.9097842714756535e-06,0.0027252213788166724
428,Mauritania,MRT,29.0,1030700.0,2019.0,16000.0,17.996,4525698.0,2.31,1743.301317,4.390897448336082,3.976403197915548e-06,0.003535366257315446
429,Mauritius,MUS,178.0,2040.0,2016.0,415.0,24.531,1263473.0,0.95,9681.618567,619.3495098039216,1.941553163383784e-05,0.0003284597296499411
430,Mauritius,MUS,178.0,2040.0,2017.0,442.0,26.914,1264613.0,3.68,10484.90836,619.9083333333333,2.1282400228370262e-05,0.00034951404105445697
431,Mauritius,MUS,178.0,2040.0,2018.0,387.0,28.407,1265303.0,3.21,11208.34382,620.246568627451,2.2450748951041766e-05,0.00030585559348235165
432,Mauritius,MUS,178.0,2040.0,2019.0,495.0,29.555,1265711.0,0.45,11097.16898,620.446568627451,2.3350512083722114e-05,0.0003910845366754338
434,Mexico,MEX,14.0,1964375.0,2016.0,28250160.0,2171.807,123333379.0,2.82,8744.515559,62.785048170537706,1.76092394257681e-05,0.2290552665389959
435,Mexico,MEX,14.0,1964375.0,2017.0,27763204.0,2203.38,124777326.0,6.04,9287.849587,63.52011504931594,1.765849670476189e-05,0.2225019952743658
436,Mexico,MEX,14.0,1964375.0,2018.0,27169400.0,2193.789,126190782.0,4.9,9686.984927,64.23965994272987,1.7384700888849395e-05,0.21530415747800025
437,Mexico,MEX,14.0,1964375.0,2019.0,27228242.0,2105.911,127575529.0,3.63,9950.217622,64.94459000954502,1.6507170430780657e-05,0.21342840757493547
439,Moldova,MDA,139.0,33846.0,2016.0,1392443.0,38.051,2802170.0,6.38,2880.43529,82.7917626898304,1.3579119039886946e-05,0.4969159615583637
440,Moldova,MDA,139.0,33846.0,2017.0,1772525.0,38.689,2755158.0,6.58,3509.686829,81.40276546711576,1.4042388857553723e-05,0.6433478588160824
441,Moldova,MDA,139.0,33846.0,2018.0,2073775.0,41.251,2708214.0,3.05,4230.626969,80.01577734444247,1.5231809598502923e-05,0.7657352779359385
442,Moldova,MDA,139.0,33846.0,2019.0,2129889.0,41.943,2664974.0,4.85,4492.10574,78.73822608284583,1.573861508592579e-05,0.7992156771510717
444,Mongolia,MNG,19.0,1564110.0,2016.0,0.0,59.656,3056358.0,0.72,3658.3903,1.9540556610468574,1.951865586426721e-05,0.0
445,Mongolia,MNG,19.0,1564110.0,2017.0,0.0,65.153,3113788.0,4.62,3687.100003,1.9907730274724924,2.0924032079255236e-05,0.0
446,Mongolia,MNG,19.0,1564110.0,2018.0,0.0,71.096,3170214.0,6.83,4156.84697,2.026848495310432,2.242624630387728e-05,0.0
447,Mongolia,MNG,19.0,1564110.0,2019.0,0.0,78.494,3225166.0,7.26,4404.84583,2.0619815741859586,2.4337972060972986e-05,0.0
448,Montenegro,MNE,161.0,13812.0,2016.0,2650.0,13.306,622303.0,-0.27,7033.438006,45.05524181870837,2.1381867032619157e-05,0.004258375743006221
449,Montenegro,MNE,161.0,13812.0,2017.0,2708.0,12.423,622373.0,2.37,7803.362579,45.06030987547061,1.9960698809234978e-05,0.0043510884951628685
450,Montenegro,MNE,161.0,13812.0,2018.0,2743.0,14.846,622227.0,2.6,8850.378404,45.049739357080796,2.3859459650577684e-05,0.004408359007243338
451,Montenegro,MNE,161.0,13812.0,2019.0,2810.0,14.224,622028.0,0.37,8909.890151,45.03533159571387,2.286713781373186e-05,0.0045174815281627196
453,Morocco,MAR,58.0,446550.0,2016.0,128763.0,222.83,35126274.0,1.65,2896.722168,78.66145784346658,6.343684502375629e-06,0.0036657175765354446
454,Morocco,MAR,58.0,446550.0,2017.0,122399.0,233.313,35581257.0,0.75,3035.454346,79.68034262680551,6.5571882409887875e-06,0.003439985270896978
455,Morocco,MAR,58.0,446550.0,2018.0,118392.0,241.395,36029089.0,1.79,3226.98291,80.68321352592095,6.700002878229866e-06,0.0032860114781142536
456,Morocco,MAR,58.0,446550.0,2019.0,40491.0,263.471,36471766.0,0.24,3235.000732,81.67454036502072,7.223971551034847e-06,0.001110201244436587
457,Mozambique,MOZ,36.0,801590.0,2016.0,1217000.0,86.495,27829930.0,17.45,428.9264503,34.71840966079916,3.1079848206589096e-06,0.043729897991119634
458,Mozambique,MOZ,36.0,801590.0,2017.0,1224000.0,86.932,28649007.0,15.11,461.4149278,35.74022505270774,3.034380912399512e-06,0.04272399388921229
459,Mozambique,MOZ,36.0,801590.0,2018.0,1406794.0,71.69,29496009.0,3.92,503.3020092,36.79687745605609,2.4304983091102256e-06,0.047694384687772505
460,Mozambique,MOZ,36.0,801590.0,2019.0,1451686.0,72.195,30366043.0,2.79,506.8171391,37.88226275277885,2.3774911996271623e-06,0.04780622881947444
461,Myanmar,MMR,40.0,676578.0,2016.0,1830631.0,129.151,53045199.0,6.76,1136.610627,78.40219309525287,2.434734951225275e-06,0.03451077636639652
462,Myanmar,MMR,40.0,676578.0,2017.0,1909295.0,170.899,53382521.0,4.62,1151.114464,78.90076384393225,3.2014036954155835e-06,0.03576629511371335
463,Myanmar,MMR,40.0,676578.0,2018.0,1984136.0,182.902,53708318.0,6.0,1250.173685,79.38230034083284,3.405468776735849e-06,0.036942806512764
464,Myanmar,MMR,40.0,676578.0,2019.0,1985765.0,169.15,54045422.0,8.63,1271.111536,79.88054887980395,3.129774803127636e-06,0.036742520023250076
465,Namibia,NAM,35.0,825615.0,2016.0,43611.0,22.91,2358044.0,6.68,4546.986688,2.8561060542746923,9.71567960563925e-06,0.018494565835073477
466,Namibia,NAM,35.0,825615.0,2017.0,71037.0,23.375,2402623.0,6.15,5367.114674,2.9101009550456327,9.72895040129059e-06,0.029566436348940305
467,Namibia,NAM,35.0,825615.0,2018.0,59253.0,22.676,2448300.0,4.28,5588.392864,2.9654257735142893,9.261936854143691e-06,0.024201690969243964
468,Namibia,NAM,35.0,825615.0,2019.0,45000.0,21.796,2494524.0,3.72,5028.295342,3.021413128395196,8.737538704778947e-06,0.018039513750920014
469,Nauru,NRU,229.0,21.0,2017.0,1.0,0.284,10577.0,5.08,10339.38548,503.6666666666667,2.6850713812990448e-05,9.454476694714947e-05
470,Nauru,NRU,229.0,21.0,2018.0,1.0,0.334,10678.0,0.46,11614.66508,508.4761904761905,3.127926578010864e-05,9.365049634763064e-05
471,Nauru,NRU,229.0,21.0,2019.0,0.0,0.267,10764.0,4.3,11029.73558,512.5714285714286,2.480490523968785e-05,0.0
472,Nepal,NPL,95.0,147181.0,2016.0,2231517.0,39.734,27263430.0,9.93,899.523581,185.23742874419932,1.4574101644583973e-06,0.08185019273070189
473,Nepal,NPL,95.0,147181.0,2017.0,2300121.0,45.385,27632682.0,4.45,1048.453755,187.74625800884624,1.6424391957320683e-06,0.08323915137879125
474,Nepal,NPL,95.0,147181.0,2018.0,2596844.0,49.873,28095712.0,4.15,1178.525957,190.89224832009566,1.7751107357592503e-06,0.09242848161313727
475,Nepal,NPL,95.0,147181.0,2019.0,2653243.0,43.762,28608715.0,4.64,1194.957236,194.37777294623626,1.5296737375306791e-06,0.09274247375319024
476,Netherlands,NLD,134.0,41850.0,2016.0,84641.0,1001.684,17030314.0,0.32,46039.10593,406.9370131421744,5.8817705886104034e-05,0.004970019930343034
477,Netherlands,NLD,134.0,41850.0,2017.0,116711.0,986.609,17131296.0,1.3,48675.22234,409.3499641577061,5.759103105801219e-05,0.006812736175943723
478,Netherlands,NLD,134.0,41850.0,2018.0,89280.0,986.382,17231624.0,1.7,53044.53244,411.7472879330944,5.724254428949935e-05,0.005181171548311407
479,Netherlands,NLD,134.0,41850.0,2019.0,148300.0,985.545,17344874.0,2.67,52476.27325,414.45338112305853,5.6820533836106276e-05,0.0085500765240497
481,New Caledonia,NCL,155.0,18575.0,2016.0,8543.0,20.955,269350.0,0.0,32391.20197,14.500672947510095,7.779840356413587e-05,0.031717096714312235
482,New Caledonia,NCL,155.0,18575.0,2017.0,9415.0,20.249,270000.0,0.0,33976.54853,14.535666218034994,7.49962962962963e-05,0.03487037037037037
483,New Caledonia,NCL,155.0,18575.0,2018.0,10184.0,22.579,270650.0,0.0,36382.49553,14.570659488559892,8.342508775170885e-05,0.037627932754479954
484,New Caledonia,NCL,155.0,18575.0,2019.0,8842.0,22.226,271300.0,0.0,34788.54031,14.60565275908479,8.19240692959823e-05,0.0325912274235164
485,New Zealand,NZL,76.0,270467.0,2016.0,210325.0,254.744,4714100.0,0.65,40058.19616,17.429483079266603,5.403873485925203e-05,0.04461615154536391
486,New Zealand,NZL,76.0,270467.0,2017.0,175586.0,259.417,4813600.0,1.85,42924.9956,17.797365297799733,5.389251288017284e-05,0.03647706498254944
487,New Zealand,NZL,76.0,270467.0,2018.0,191993.0,257.556,4900600.0,1.6,43250.44097,18.119031157220657,5.25560135493613e-05,0.03917744765947027
488,New Zealand,NZL,76.0,270467.0,2019.0,195955.0,263.842,4979200.0,1.62,42865.23364,18.409639623318185,5.2988833547557835e-05,0.03935471561696658
489,Nicaragua,NIC,98.0,130373.0,2016.0,410622.0,28.38,6303970.0,3.52,2107.57406,48.35334003206185,4.501924977434854e-06,0.06513704855828946
490,Nicaragua,NIC,98.0,130373.0,2017.0,408415.0,28.365,6384843.0,3.85,2159.161926,48.97366019037684,4.4425524637019265e-06,0.06396633401948959
491,Nicaragua,NIC,98.0,130373.0,2018.0,395223.0,28.134,6465502.0,4.94,2014.575189,49.59233890452778,4.351402257705589e-06,0.0611279680989968
492,Nicaragua,NIC,98.0,130373.0,2019.0,400146.0,28.614,6545503.0,5.38,1924.471816,50.20597056138924,4.371550971712946e-06,0.06113296411291844
493,Niger,NER,22.0,1267000.0,2016.0,38022.0,9.66,20788789.0,0.18,500.2149113,16.407883977900553,4.646735314885345e-07,0.001828966564622884
494,Niger,NER,22.0,1267000.0,2017.0,38345.0,9.402,21602388.0,0.2,517.7715723,17.05002999210734,4.352296607208425e-07,0.0017750352414742296
495,Niger,NER,22.0,1267000.0,2018.0,29536.0,9.92,22442831.0,3.01,570.723922,17.713363062352013,4.4201197255373e-07,0.0013160550021519121
496,Niger,NER,22.0,1267000.0,2019.0,37900.0,10.518,23310719.0,-2.52,554.0993893,18.398357537490135,4.5120873363022394e-07,0.0016258614760016625
497,Nigeria,NGA,32.0,923768.0,2016.0,11547980.0,469.582,185960244.0,15.69,2176.002772,201.30621974348537,2.525174144211168e-06,0.06209918717895423
498,Nigeria,NGA,32.0,923768.0,2017.0,10420000.0,456.439,190873247.0,16.5,1968.565398,206.62465792276848,2.3913199318079397e-06,0.05459120208711072
499,Nigeria,NGA,32.0,923768.0,2018.0,11000000.0,484.951,195874685.0,12.1,2027.778549,212.03882901334535,2.4758227435056246e-06,0.056158354511201894
500,Nigeria,NGA,32.0,923768.0,2019.0,12700000.0,498.635,200963603.0,11.4,2229.858652,217.54769920586122,2.4812204426888185e-06,0.06319552302214645
502,North Korea,PRK,99.0,120538.0,2016.0,2195244.0,114.258,25307665.0,0.0,0.0,209.95590602133768,4.514758670940207e-06,0.08674225773100758
503,North Korea,PRK,99.0,120538.0,2017.0,2199755.0,93.339,25429816.0,0.0,0.0,210.96928769350745,3.6704551853619387e-06,0.08650298531456146
504,North Korea,PRK,99.0,120538.0,2018.0,1876153.0,97.163,25549606.0,0.0,0.0,211.9630821815527,3.8029157866465728e-06,0.07343177816518971
505,North Korea,PRK,99.0,120538.0,2019.0,2566571.0,94.854,25666158.0,0.0,0.0,212.9300137715907,3.695683631340538e-06,0.09999825451086213
507,Norway,NOR,69.0,323802.0,2016.0,0.0,554.96,5234519.0,3.55,70460.56053,16.165801940692152,0.00010601929231702092,0.0
508,Norway,NOR,69.0,323802.0,2017.0,0.0,557.537,5276968.0,1.88,75496.75406,16.29689748673572,0.00010565480025651095,0.0
509,Norway,NOR,69.0,323802.0,2018.0,0.0,550.122,5311916.0,2.76,82267.80932,16.404827641583438,0.00010356376117393422,0.0
510,Norway,NOR,69.0,323802.0,2019.0,0.0,515.062,5347896.0,2.17,75719.7529,16.515944929308652,9.631114741199156e-05,0.0
511,Oman,OMN,72.0,309500.0,2016.0,6856.0,336.242,4479217.0,1.11,16772.73921,14.47242972536349,7.506713785020909e-05,0.0015306246605154429
512,Oman,OMN,72.0,309500.0,2017.0,7075.0,361.232,4665926.0,1.6,17329.18546,15.075689822294022,7.74191446671036e-05,0.0015163120889615481
513,Oman,OMN,72.0,309500.0,2018.0,8827.0,380.826,4829476.0,0.88,18947.3665,15.604122778675283,7.885451755014417e-05,0.001827734520266795
514,Oman,OMN,72.0,309500.0,2019.0,8916.0,378.594,4974992.0,0.13,17700.70349,16.074287560581585,7.609941885333685e-05,0.0017921636858913542
515,Pakistan,PAK,34.0,881912.0,2016.0,6134274.0,889.708,203631356.0,3.75,1540.184503,230.89759068932048,4.3692092292505286e-06,0.03012440775574858
516,Pakistan,PAK,34.0,881912.0,2017.0,5901630.0,941.864,207906210.0,4.15,1631.531909,235.74484755848655,4.530235051661035e-06,0.02838602079274111
517,Pakistan,PAK,34.0,881912.0,2018.0,6826379.0,971.541,212228288.0,5.07,1678.04315,240.64565172035304,4.577811040910814e-06,0.032165264415646606
518,Pakistan,PAK,34.0,881912.0,2019.0,7883026.0,983.534,216565317.0,6.74,1481.813864,245.56340882083472,4.54151206492589e-06,0.03640022377175012
521,Panama,PAN,119.0,75417.0,2016.0,127799.0,118.744,4037073.0,0.76,14343.98026,53.5300131270138,2.941338935411869e-05,0.0316563510246161
522,Panama,PAN,119.0,75417.0,2017.0,116151.0,127.681,4106764.0,0.88,15146.40851,54.45408860071337,3.109041571417301e-05,0.02828285238694018
523,Panama,PAN,119.0,75417.0,2018.0,128540.0,129.86,4176868.0,0.77,15544.99908,55.38364029330257,3.109028104311652e-05,0.03077425477654549
524,Panama,PAN,119.0,75417.0,2019.0,123065.0,123.14,4246440.0,-0.35,15774.25495,56.306137873423765,2.8998408078296173e-05,0.02898074622507324
525,Papua New Guinea,PNG,55.0,462840.0,2016.0,12332.0,28.135,8271766.0,6.69,2509.629637,17.87176129980123,3.4013292929224548e-06,0.0014908545527037393
526,Papua New Guinea,PNG,55.0,462840.0,2017.0,12443.0,27.156,8438038.0,5.43,2695.249009,18.231004234724743,3.2182836815856955e-06,0.0014746318990267642
527,Papua New Guinea,PNG,55.0,462840.0,2018.0,12480.0,28.317,8606324.0,4.73,2801.371393,18.594598565378966,3.2902549334652053e-06,0.001450096463949068
528,Papua New Guinea,PNG,55.0,462840.0,2019.0,12418.0,29.105,8776119.0,3.68,2820.306397,18.961453201970443,3.3163862067048088e-06,0.00141497625544959
529,Paraguay,PRY,60.0,406752.0,2016.0,5152320.0,154.444,6777878.0,4.08,5324.609068,16.663416528990638,2.2786482731025846e-05,0.7601671201517644
530,Paraguay,PRY,60.0,406752.0,2017.0,5155900.0,148.562,6867058.0,3.6,5678.869972,16.882665604594447,2.163400978992751e-05,0.7508164340537098
531,Paraguay,PRY,60.0,406752.0,2018.0,5344650.0,148.74,6956069.0,3.96,5782.78455,17.101499193611833,2.1382766617179906e-05,0.7683434422516511
532,Paraguay,PRY,60.0,406752.0,2019.0,5576900.0,129.604,7044639.0,2.76,5383.574422,17.319248583903704,1.839753605543166e-05,0.7916516375076139
533,Peru,PER,20.0,1285216.0,2016.0,1509809.0,306.113,30926036.0,3.59,6204.996457,24.062909269725868,9.898229440074376e-06,0.04881999749337419
534,Peru,PER,20.0,1285216.0,2017.0,1523469.0,315.218,31444299.0,2.8,6710.507602,24.466158995841944,1.0024647075134352e-05,0.04844976827118964
535,Peru,PER,20.0,1285216.0,2018.0,1576752.0,332.053,31989265.0,1.32,6958.497262,24.890185774220054,1.0380138462074699e-05,0.04929003526651832
536,Peru,PER,20.0,1285216.0,2019.0,1575955.0,341.615,32510462.0,2.14,7023.077526,25.295718385080797,1.0507848212061706e-05,0.04847531849901118
537,Philippines,PHL,64.0,342353.0,2016.0,7218817.0,484.447,103663812.0,1.81,3073.654686,302.79802426150786,4.6732508736993e-06,0.0696368082624629
538,Philippines,PHL,64.0,342353.0,2017.0,7914908.0,531.511,105172921.0,2.85,3123.245642,307.20607384775366,5.053686775515153e-06,0.07525613936309708
539,Philippines,PHL,64.0,342353.0,2018.0,7771919.0,546.357,106651394.0,5.26,3252.110274,311.524636851437,5.1228303682556646e-06,0.07287217455404287
540,Philippines,PHL,64.0,342353.0,2019.0,7978845.0,562.697,108116622.0,2.48,3485.340844,315.80451171743783,5.20453737446588e-06,0.07379850435948693
542,Poland,POL,71.0,312679.0,2016.0,4342910.0,1160.688,37970087.0,-0.66,12447.43959,121.43472059204488,3.056848408063958e-05,0.11437714114271058
543,Poland,POL,71.0,312679.0,2017.0,4021592.0,1205.901,37974826.0,1.98,13864.68176,121.44987671062016,3.17552738753826e-05,0.1059015253947444
544,Poland,POL,71.0,312679.0,2018.0,3792140.0,1219.635,37974750.0,1.81,15468.48222,121.44963364984537,3.211699879525211e-05,0.09985951191252082
545,Poland,POL,71.0,312679.0,2019.0,3664550.0,1184.748,37965475.0,2.31,15732.20313,121.41997064081694,3.1205931178261306e-05,0.09652322274382186
546,Portugal,PRT,111.0,92090.0,2016.0,710634.0,311.496,10325452.0,0.61,19991.97249,112.12348789227929,3.016778345393499e-05,0.06882352462633112
547,Portugal,PRT,111.0,92090.0,2017.0,745123.0,301.878,10300300.0,1.56,21490.42986,111.85036377456835,2.9307690067279593e-05,0.07233993184664525
548,Portugal,PRT,111.0,92090.0,2018.0,713860.0,307.691,10283822.0,0.99,23562.55452,111.67143012270604,2.9919907209595806e-05,0.0694158261393478
549,Portugal,PRT,111.0,92090.0,2019.0,755130.0,293.037,10286263.0,0.3,23330.81729,111.69793680095559,2.8488188567607105e-05,0.07341150036704291
550,Puerto Rico,PRI,169.0,8870.0,2016.0,36.0,87.613,3406672.0,-0.29,30627.1634,384.0667418263811,2.571806149814247e-05,1.056749813307533e-05
551,Puerto Rico,PRI,169.0,8870.0,2017.0,20.0,85.22,3325286.0,1.75,31108.76057,374.8913190529876,2.562787080569912e-05,6.014520254799136e-06
552,Puerto Rico,PRI,169.0,8870.0,2018.0,23.0,86.928,3193354.0,1.27,31604.70151,360.0173618940248,2.722153572701304e-05,7.202458606217788e-06
553,Puerto Rico,PRI,169.0,8870.0,2019.0,26.0,81.922,3193694.0,0.1,32850.54861,360.05569334836525,2.5651173844457234e-05,8.141042942749055e-06
554,Qatar,QAT,164.0,11586.0,2016.0,574.0,579.344,2654379.0,2.68,57162.96801,229.10227861211808,0.00021825971347723896,0.00021624643654881236
555,Qatar,QAT,164.0,11586.0,2017.0,645.0,560.99,2724727.0,0.4,59124.86727,235.17408941826343,0.0002058885165376201,0.00023672096323778491
556,Qatar,QAT,164.0,11586.0,2018.0,1866.0,560.408,2781682.0,0.22,65907.94843,240.08993612981183,0.000201463718714073,0.00067081715307501
557,Qatar,QAT,164.0,11586.0,2019.0,619.0,585.164,2832071.0,-0.55,62087.97413,244.43906438805456,0.00020662052610969145,0.0002185679666929254
560,Romania,ROU,83.0,238391.0,2016.0,10746387.0,382.57,19702267.0,-1.55,9548.587403,82.64685747364624,1.9417562456137662e-05,0.5454391111439105
561,Romania,ROU,83.0,238391.0,2017.0,14326097.0,388.997,19588715.0,1.34,10807.00917,82.17053076668162,1.9858219388050724e-05,0.7313443990583354
562,Romania,ROU,83.0,238391.0,2018.0,18663940.0,396.421,19473970.0,4.64,12398.98198,81.68919967616227,2.035645530931803e-05,0.9584044753072948
563,Romania,ROU,83.0,238391.0,2019.0,17432220.0,387.342,19371648.0,3.83,12899.34611,81.25998045228218,1.9995304477966976e-05,0.899883169464983
564,Russia,RUS,1.0,17098242.0,2016.0,15281594.0,8053.729,144342397.0,7.04,8704.898438,8.441943739011297,5.579600427447523e-05,0.10587044636649619
565,Russia,RUS,1.0,17098242.0,2017.0,13208095.0,8102.402,144496739.0,3.68,10720.33301,8.45097051498043,5.607325159081964e-05,0.09140756456794502
566,Russia,RUS,1.0,17098242.0,2018.0,11419020.0,8400.896,144477859.0,2.88,11287.36035,8.44986630789294,5.814659808877705e-05,0.07903647021790376
567,Russia,RUS,1.0,17098242.0,2019.0,14282352.0,8339.891,144406261.0,4.47,11536.25098,8.445678859850036,5.775297374398469e-05,0.0989039664976853
568,Rwanda,RWA,148.0,26338.0,2016.0,374267.0,5.279,11668829.0,5.72,744.7943858,443.0415749107753,4.524018648315096e-07,0.03207408386908404
569,Rwanda,RWA,148.0,26338.0,2017.0,358417.0,5.459,11980960.0,4.84,772.2948846,454.89255068721997,4.556396148555708e-07,0.02991554933828341
570,Rwanda,RWA,148.0,26338.0,2018.0,424204.0,5.678,12301969.0,1.36,783.8127901,467.0806059685625,4.61552130394736e-07,0.034482610060226945
571,Rwanda,RWA,148.0,26338.0,2019.0,421218.0,6.308,12626938.0,2.43,820.1772393,479.41901435188703,4.995668783675029e-07,0.03335868125748301
574,Saint Kitts and Nevis,KNA,209.0,261.0,2016.0,0.0,1.097,51629.0,-0.34,19542.16228,197.81226053639847,2.12477483584807e-05,0.0
575,Saint Kitts and Nevis,KNA,209.0,261.0,2017.0,0.0,1.105,52036.0,0.0,20382.77987,199.37164750957854,2.123529863940349e-05,0.0
576,Saint Kitts and Nevis,KNA,209.0,261.0,2018.0,0.0,1.114,52438.0,-0.23,20567.25826,200.911877394636,2.1244135931957742e-05,0.0
577,Saint Kitts and Nevis,KNA,209.0,261.0,2019.0,0.0,1.113,52834.0,-0.18,22047.88303,202.42911877394636,2.106598023999697e-05,0.0
578,Saint Lucia,LCA,192.0,616.0,2016.0,0.0,1.861,180028.0,-3.09,10362.35158,292.25324675324674,1.0337280867420624e-05,0.0
579,Saint Lucia,LCA,192.0,616.0,2017.0,0.0,2.017,180955.0,0.11,11034.62983,293.7581168831169,1.1146417617639744e-05,0.0
580,Saint Lucia,LCA,192.0,616.0,2018.0,0.0,1.855,181890.0,1.99,11353.71523,295.27597402597405,1.0198471603716533e-05,0.0
581,Saint Lucia,LCA,192.0,616.0,2019.0,0.0,2.725,182795.0,0.54,11591.08044,296.74512987012986,1.490740994009683e-05,0.0
584,Saint Vincent and the Grenadines,VCT,202.0,389.0,2016.0,866.0,0.993,109467.0,-0.16,7438.792212,281.4061696658098,9.071226945106745e-06,0.00791105995414143
585,Saint Vincent and the Grenadines,VCT,202.0,389.0,2017.0,1129.0,1.144,109826.0,2.15,7717.846546,282.32904884318765,1.0416476972665852e-05,0.0102798972920802
586,Saint Vincent and the Grenadines,VCT,202.0,389.0,2018.0,1030.0,1.053,110210.0,1.24,8024.028496,283.31619537275066,9.55448688866709e-06,0.009345794392523364
587,Saint Vincent and the Grenadines,VCT,202.0,389.0,2019.0,900.0,0.902,110593.0,0.91,8229.722486,284.3007712082262,8.156031575235322e-06,0.008137947248017505
588,Samoa,WSM,175.0,2842.0,2016.0,0.0,1.469,194540.0,0.13,4109.663296,68.45179451090782,7.551146293821323e-06,0.0
589,Samoa,WSM,175.0,2842.0,2017.0,0.0,1.469,195358.0,1.3,4258.978675,68.7396199859254,7.519528250698718e-06,0.0
590,Samoa,WSM,175.0,2842.0,2018.0,0.0,1.455,196128.0,4.2,4187.504787,69.01055594651653,7.418624571708273e-06,0.0
591,Samoa,WSM,175.0,2842.0,2019.0,0.0,1.569,197093.0,2.19,4322.868416,69.35010555946516,7.960708903918455e-06,0.0
593,Sao Tome and Principe,STP,184.0,964.0,2016.0,768.0,0.665,203221.0,5.43,1700.097997,210.81016597510373,3.2722996147051732e-06,0.003779136998636952
594,Sao Tome and Principe,STP,184.0,964.0,2017.0,576.0,0.676,207086.0,5.69,1813.807434,214.81950207468878,3.2643442820857038e-06,0.002781453116096694
595,Sao Tome and Principe,STP,184.0,964.0,2018.0,941.0,0.666,211032.0,7.87,1953.513257,218.91286307053943,3.155919481405664e-06,0.004459039387391486
596,Sao Tome and Principe,STP,184.0,964.0,2019.0,1098.0,0.734,215048.0,8.36,1987.579702,223.07883817427387,3.4131914735314904e-06,0.005105836836427216
597,Saudi Arabia,SAU,13.0,2149690.0,2016.0,80000.0,3098.985,32443443.0,2.05,19878.76817,15.09214956575134,9.551960930903666e-05,0.002465829536032905
598,Saudi Arabia,SAU,13.0,2149690.0,2017.0,80000.0,3076.991,33101183.0,-0.85,20802.46179,15.398119263707791,9.2957130867498e-05,0.0024168320509874225
599,Saudi Arabia,SAU,13.0,2149690.0,2018.0,125578.0,3039.593,33702757.0,2.47,24228.83904,15.677961473514786,9.01882596726434e-05,0.003726045320268606
600,Saudi Arabia,SAU,13.0,2149690.0,2019.0,134881.0,2997.418,34268529.0,-2.09,23450.56202,15.941149188952826,8.746853417606575e-05,0.003936002038488434
601,Senegal,SEN,88.0,196722.0,2016.0,218450.0,35.833,14993514.0,0.84,1269.903294,76.2167627413304,2.3899000594523737e-06,0.014569633242747498
602,Senegal,SEN,88.0,196722.0,2017.0,410364.0,38.021,15419354.0,1.32,1361.701972,78.38144183162025,2.4657972052525675e-06,0.026613566301156327
603,Senegal,SEN,88.0,196722.0,2018.0,485673.0,39.652,15854324.0,0.46,1458.081584,80.5925315928061,2.501021172520506e-06,0.030633472609743563
604,Senegal,SEN,88.0,196722.0,2019.0,530705.0,44.057,16296362.0,1.02,1435.830367,82.83955022824087,2.7034868273053827e-06,0.03256585733674792
605,Serbia,SRB,113.0,88361.0,2016.0,7376738.0,192.316,7058322.0,1.12,5765.200762,79.88051289596089,2.724670254488248e-05,1.0451121385507773
606,Serbia,SRB,113.0,88361.0,2017.0,4018370.0,197.624,7020858.0,3.13,6292.543629,79.45652493747241,2.8148126624979452e-05,0.5723474253431703
607,Serbia,SRB,113.0,88361.0,2018.0,6964770.0,197.715,6982604.0,1.95,7252.401858,79.02359638301965,2.8315367733871205e-05,0.9974459385066087
608,Serbia,SRB,113.0,88361.0,2019.0,7344542.0,199.87,6945235.0,1.85,7417.203649,78.60068355948891,2.8778003912034655e-05,1.0574936629214131
609,Seychelles,SYC,198.0,452.0,2016.0,0.0,5.031,94677.0,-1.01,15740.11063,209.46238938053096,5.3138565860768715e-05,0.0
610,Seychelles,SYC,198.0,452.0,2017.0,0.0,5.248,95843.0,2.86,16416.72607,212.0420353982301,5.4756215894744535e-05,0.0
611,Seychelles,SYC,198.0,452.0,2018.0,0.0,4.653,96762.0,3.7,16910.66792,214.07522123893804,4.8087058969430144e-05,0.0
612,Seychelles,SYC,198.0,452.0,2019.0,0.0,4.669,97625.0,1.81,17252.02078,215.98451327433628,4.7825864276568496e-05,0.0
613,Sierra Leone,SLE,120.0,71740.0,2016.0,12554.0,4.433,7328846.0,10.88,501.4151655,102.15843323111235,6.048701255286303e-07,0.0017129572650319027
614,Sierra Leone,SLE,120.0,71740.0,2017.0,22418.0,4.405,7488427.0,18.22,496.6822949,104.3828686925007,5.8824102845631e-07,0.002993686123934973
615,Sierra Leone,SLE,120.0,71740.0,2018.0,22981.0,4.467,7650149.0,16.03,533.9915333,106.63714803456928,5.839101957360569e-07,0.003003993778421832
616,Sierra Leone,SLE,120.0,71740.0,2019.0,38685.0,4.128,7813207.0,14.8,521.7548367,108.91005018120993,5.28336187688359e-07,0.004951231933314963
619,Slovakia,SVK,130.0,49037.0,2016.0,1710178.0,183.812,5430798.0,-0.52,16512.29299,110.7489854599588,3.384622296760071e-05,0.3149036292640603
620,Slovakia,SVK,130.0,49037.0,2017.0,1066188.0,194.249,5439232.0,1.39,17538.04858,110.92097803699248,3.5712578540499836e-05,0.19601811432202193
621,Slovakia,SVK,130.0,49037.0,2018.0,1498210.0,191.072,5446771.0,2.51,19389.98216,111.07471908966698,3.507986658517496e-05,0.2750638864751244
622,Slovakia,SVK,130.0,49037.0,2019.0,1444810.0,184.849,5454147.0,2.77,19303.54566,111.22513612170403,3.389145910442091e-05,0.26490118436485116
623,Slovenia,SVN,154.0,20273.0,2016.0,346211.0,79.978,2065042.0,-0.05,21678.35947,101.86168795935481,3.872947862561633e-05,0.16765324869905793
624,Slovenia,SVN,154.0,20273.0,2017.0,272177.0,80.839,2066388.0,1.43,23514.02546,101.92808168499975,3.912092017568821e-05,0.1317163088442248
625,Slovenia,SVN,154.0,20273.0,2018.0,350490.0,82.48,2073894.0,1.74,26116.85636,102.2983278251862,3.9770595797085096e-05,0.16900092290155622
626,Slovenia,SVN,154.0,20273.0,2019.0,360360.0,80.092,2088385.0,1.63,25942.95477,103.01312089971884,3.8351166092459006e-05,0.17255439011484952
627,Solomon Islands,SLB,143.0,28896.0,2016.0,0.0,1.335,619438.0,0.5,2225.475204,21.436807862679956,2.1551793722697023e-06,0.0
628,Solomon Islands,SLB,143.0,28896.0,2017.0,0.0,1.327,636030.0,0.48,2332.898555,22.011004983388705,2.086379573290568e-06,0.0
629,Solomon Islands,SLB,143.0,28896.0,2018.0,0.0,1.386,652856.0,2.66,2411.897904,22.59330011074197,2.1229796463538666e-06,0.0
630,Solomon Islands,SLB,143.0,28896.0,2019.0,0.0,1.365,669821.0,1.83,2344.048976,23.180405592469548,2.03785787546225e-06,0.0
631,Somalia,SOM,42.0,637657.0,2016.0,60000.0,3.627,14185635.0,0.0,389.8220615,22.246497725266092,2.556811873419836e-07,0.004229630890686247
632,Somalia,SOM,42.0,637657.0,2017.0,77000.0,3.628,14589165.0,0.0,384.4634014,22.879330110074854,2.486777001973725e-07,0.005277889447408402
633,Somalia,SOM,42.0,637657.0,2018.0,102000.0,3.641,15008225.0,0.0,389.8313955,23.536517281234268,2.4260030749805523e-07,0.006796273376765074
634,Somalia,SOM,42.0,637657.0,2019.0,57000.0,3.637,15442906.0,0.0,419.3948077,24.218201948696557,2.3551266840580394e-07,0.003691015149609795
635,South Africa,ZAF,25.0,1221037.0,2016.0,7778500.0,1481.577,56207649.0,6.59,5756.965741,46.03271563433377,2.6358992527867515e-05,0.1383886381727156
636,South Africa,ZAF,25.0,1221037.0,2017.0,16820000.0,1476.505,57009751.0,5.27,6690.939847,46.689617923126,2.5899165916371046e-05,0.295037247224602
637,South Africa,ZAF,25.0,1221037.0,2018.0,12510000.0,1423.768,57792520.0,4.5,7005.095413,47.330686948880334,2.4635852529012406e-05,0.2164639991472945
638,South Africa,ZAF,25.0,1221037.0,2019.0,11275500.0,1489.739,58558267.0,4.13,6624.761865,47.957815365136355,2.5440284972914244e-05,0.19255180485447085
639,South Korea,KOR,109.0,100210.0,2016.0,73681.0,3429.442,51217803.0,0.97,29288.87044,511.1047101087716,6.695800676963828e-05,0.001438581814998976
640,South Korea,KOR,109.0,100210.0,2017.0,72587.0,3467.684,51361911.0,1.94,31616.8434,512.5427701826166,6.751469975484363e-05,0.001413245702637505
641,South Korea,KOR,109.0,100210.0,2018.0,78012.0,3521.125,51585058.0,1.48,33436.92306,514.7695639157769,6.825862248715509e-05,0.0015122983868700894
642,South Korea,KOR,109.0,100210.0,2019.0,76336.0,3475.339,51764822.0,0.38,31902.4169,516.5634367827562,6.713708008114082e-05,0.001474669419321098
643,South Sudan,SSD,44.0,619745.0,2016.0,107000.0,7.728,10832520.0,379.85,0.0,17.478995393266587,7.13407406586833e-07,0.009877664661593054
644,South Sudan,SSD,44.0,619745.0,2017.0,92000.0,6.773,10910774.0,187.87,0.0,17.60526345513074,6.207625600163654e-07,0.008432032411266149
645,South Sudan,SSD,44.0,619745.0,2018.0,90000.0,6.967,10975924.0,83.49,0.0,17.7103873367272,6.347529374292314e-07,0.008199765231610569
646,South Sudan,SSD,44.0,619745.0,2019.0,103000.0,7.794,11062114.0,51.19,0.0,17.84946066527362,7.045669570933729e-07,0.009311059350861869
647,Spain,ESP,52.0,505992.0,2016.0,4069508.0,1589.974,46484062.0,-0.2,26523.34822,91.86718762351974,3.420471300464232e-05,0.08754630780760941
648,Spain,ESP,52.0,505992.0,2017.0,3775645.0,1608.111,46593236.0,1.96,28170.16786,92.0829499280621,3.451382943223776e-05,0.08103418702233947
649,Spain,ESP,52.0,505992.0,2018.0,3842520.0,1637.08,46797754.0,1.68,30364.57994,92.48714208920299,3.498202071834473e-05,0.08210906873864075
650,Spain,ESP,52.0,505992.0,2019.0,4184460.0,1591.384,47134837.0,0.7,29554.49052,93.15332455849105,3.3762374101346736e-05,0.08877637574094083
651,Sri Lanka,LKA,123.0,65610.0,2016.0,243960.0,103.835,21203000.0,3.97,3886.291502,323.16720012193264,4.897184360703674e-06,0.011505918973730133
652,Sri Lanka,LKA,123.0,65610.0,2017.0,195744.0,101.817,21444000.0,6.58,4077.043841,326.84042066758116,4.748041410184667e-06,0.009128147733631785
653,Sri Lanka,LKA,123.0,65610.0,2018.0,270041.0,104.949,21670000.0,2.14,4059.20823,330.2850175278159,4.843054914628519e-06,0.012461513613290263
654,Sri Lanka,LKA,123.0,65610.0,2019.0,245647.0,108.167,21803000.0,4.3,3848.212376,332.31214753848496,4.9611062697793885e-06,0.01126666055130028
655,Sudan,SDN,16.0,1886068.0,2016.0,50000.0,105.665,39847433.0,17.75,2583.447266,21.127251509489582,2.6517391973530642e-06,0.0012547859732896722
656,Sudan,SDN,16.0,1886068.0,2017.0,17000.0,107.951,40813398.0,32.35,3178.314209,21.639409607712977,2.644989275335516e-06,0.0004165298856027621
657,Sudan,SDN,16.0,1886068.0,2018.0,46000.0,107.287,41801532.0,63.29,773.5070801,22.163321789034118,2.56658057412824e-06,0.0011004381370520104
658,Sudan,SDN,16.0,1886068.0,2019.0,25000.0,101.025,42813237.0,50.99,755.3289795,22.69973139886791,2.3596674084699555e-06,0.0005839315536921443
659,Suriname,SUR,92.0,163820.0,2016.0,89.0,10.94,564883.0,55.5,5872.789429,3.44819313881089,1.936684233726276e-05,0.00015755475027572083
660,Suriname,SUR,92.0,163820.0,2017.0,86.0,12.747,570501.0,22.02,6295.560562,3.482486875839336,2.234351911740733e-05,0.00015074469632831493
661,Suriname,SUR,92.0,163820.0,2018.0,85.0,12.872,575987.0,6.94,6938.086981,3.515974850445611,2.2347726597996134e-05,0.00014757277507999314
662,Suriname,SUR,92.0,163820.0,2019.0,142.0,14.032,581363.0,4.39,6853.693411,3.548791356366744,2.4136382948347245e-05,0.0002442535902697626
665,Sweden,SWE,56.0,450295.0,2016.0,7950.0,617.606,9923085.0,0.98,51965.15715,22.036853618183635,6.223931368117878e-05,0.0007757098789178418
666,Sweden,SWE,56.0,450295.0,2017.0,7950.0,637.604,10057698.0,1.87,53791.50873,22.335797643766863,6.339462568870134e-05,0.0007757098789178418
667,Sweden,SWE,56.0,450295.0,2018.0,4600.0,624.608,10175214.0,1.95,54589.06039,22.596773226440444,6.138524457569147e-05,0.0004520789439907603
668,Sweden,SWE,56.0,450295.0,2019.0,11300.0,649.553,10278887.0,1.64,51939.42974,22.827006740025983,6.319293129693905e-05,0.0010993408138449232
669,Switzerland,CHE,135.0,41284.0,2016.0,144406.0,316.121,8373338.0,-0.43,83073.28008,202.8228369344056,3.7753283099284896e-05,0.017245929878860738
670,Switzerland,CHE,135.0,41284.0,2017.0,162454.0,316.847,8451840.0,0.53,83352.08865,204.72434841585118,3.748852320914736e-05,0.019221140012115705
671,Switzerland,CHE,135.0,41284.0,2018.0,134853.0,321.795,8514329.0,0.94,86388.40495,206.23798566030425,3.779452262180613e-05,0.015838359076798654
672,Switzerland,CHE,135.0,41284.0,2019.0,174627.0,335.79,8575280.0,0.36,85334.51946,207.7143687627168,3.915790504799844e-05,0.020363999776100605
673,Syria,SYR,89.0,185180.0,2016.0,157452.0,118.859,17465567.0,25.0,713.029204,94.31670266767469,6.805333030413498e-06,0.00901499504711184
674,Syria,SYR,89.0,185180.0,2017.0,91853.0,119.593,17095669.0,25.0,955.836559,92.31919753753105,6.99551447796515e-06,0.005372881283557842
675,Syria,SYR,89.0,185180.0,2018.0,101349.0,139.973,16945062.0,25.0,1265.60619,91.50589696511503,8.260400581597165e-06,0.005981034474822223
676,Syria,SYR,89.0,185180.0,2019.0,215309.0,125.033,17070132.0,25.0,955.836559,92.18129387622854,7.324665093392365e-06,0.01261320064777472
677,Taiwan,TWN,137.0,36193.0,2016.0,164750.0,1352.633,0.0,0.0,0.0,0.0,0.0,0.0
678,Taiwan,TWN,137.0,36193.0,2017.0,185299.0,1350.691,0.0,0.0,0.0,0.0,0.0,0.0
679,Taiwan,TWN,137.0,36193.0,2018.0,174759.0,1369.06,0.0,0.0,0.0,0.0,0.0,0.0
680,Taiwan,TWN,137.0,36193.0,2019.0,178762.0,1344.47,0.0,0.0,0.0,0.0,0.0,0.0
681,Tajikistan,TJK,96.0,143100.0,2016.0,208113.0,65.107,8663575.0,6.04,807.1025861,60.5421034241789,7.5150269952069435e-06,0.024021607708134343
682,Tajikistan,TJK,96.0,143100.0,2017.0,218448.0,67.379,8880270.0,7.31,848.6723799,62.05639412997903,7.587494524378201e-06,0.024599252049768757
683,Tajikistan,TJK,96.0,143100.0,2018.0,237355.0,71.293,9100847.0,3.83,853.2188734,63.597812718378755,7.83366647082409e-06,0.026080539536594782
684,Tajikistan,TJK,96.0,143100.0,2019.0,232899.0,75.516,9321023.0,7.79,890.5444024,65.13642907058001,8.10168583426948e-06,0.024986420481957827
685,Tanzania,TZA,31.0,945087.0,2016.0,6149000.0,57.596,53049231.0,5.18,966.5029907,56.131584711248806,1.0857084808637471e-06,0.11591119954217621
686,Tanzania,TZA,31.0,945087.0,2017.0,6680758.0,52.476,54660345.0,5.32,1004.906616,57.836310307939904,9.600378482792233e-07,0.12222312171648386
687,Tanzania,TZA,31.0,945087.0,2018.0,6273151.0,56.194,56313444.0,3.51,1042.838745,59.58546038618667,9.978789434366685e-07,0.11139704046515074
688,Tanzania,TZA,31.0,945087.0,2019.0,5652005.0,56.709,58005461.0,3.45,1085.884888,61.375789742108395,9.776493285692531e-07,0.09743918766545101
689,Thailand,THA,51.0,513120.0,2016.0,4390185.0,1452.434,68971313.0,0.19,5993.305516,134.4155616619894,2.10585232732919e-05,0.06365233325339188
690,Thailand,THA,51.0,513120.0,2017.0,4820962.0,1478.099,69209817.0,0.67,6593.818352,134.8803730121609,2.1356782376696645e-05,0.06965719906469338
691,Thailand,THA,51.0,513120.0,2018.0,5069143.0,1523.265,69428454.0,1.07,7298.947146,135.30646632366697,2.194006797270756e-05,0.07301247122685463
692,Thailand,THA,51.0,513120.0,2019.0,4535058.0,1523.95,69625581.0,0.71,7814.384431,135.69063961646398,2.1887788627573536e-05,0.06513493941257022
693,Togo,TGO,126.0,56785.0,2016.0,826896.0,8.987,7509952.0,0.86,803.1518934,132.2523905961081,1.1966787537390386e-06,0.11010669575517926
694,Togo,TGO,126.0,56785.0,2017.0,854689.0,8.336,7698476.0,-0.22,830.7452767,135.57235185348244,1.0828117149420224e-06,0.1110205448454993
695,Togo,TGO,126.0,56785.0,2018.0,886630.0,9.878,7889095.0,0.94,901.5230169,138.9292066566875,1.2521081315410703e-06,0.11238678200731517
696,Togo,TGO,126.0,56785.0,2019.0,912086.0,9.742,8082359.0,0.69,893.3524541,142.3326406621467,1.2053411633905398e-06,0.11284898381771956
699,Trinidad and Tobago,TTO,172.0,5130.0,2016.0,3711.0,197.233,1377563.0,3.09,16241.41096,268.5307992202729,0.0001431753030532905,0.0026938876842656197
700,Trinidad and Tobago,TTO,172.0,5130.0,2017.0,4045.0,209.286,1384060.0,1.88,16747.9067,269.7972709551657,0.00015121165267401702,0.0029225611606433248
701,Trinidad and Tobago,TTO,172.0,5130.0,2018.0,4335.0,198.093,1389841.0,1.03,17139.18567,270.92417153996104,0.00014252925334624607,0.003119061820740646
702,Trinidad and Tobago,TTO,172.0,5130.0,2019.0,5000.0,193.07,1394969.0,1.0,17123.11629,271.9237816764132,0.00013840450934751955,0.003584309041993048
703,Tunisia,TUN,93.0,163610.0,2016.0,0.0,112.016,11303942.0,3.61,3924.349092,69.09077684738097,9.909463442045263e-06,0.0
704,Tunisia,TUN,93.0,163610.0,2017.0,0.0,118.583,11433438.0,5.31,3687.780316,69.88226880997495,1.0371596015126858e-05,0.0
705,Tunisia,TUN,93.0,163610.0,2018.0,0.0,121.819,11565203.0,7.27,3690.896932,70.68762911802457,1.0533234911656976e-05,0.0
706,Tunisia,TUN,93.0,163610.0,2019.0,0.0,122.036,11694721.0,6.72,3571.945048,71.47925554672698,1.043513564795603e-05,0.0
707,Turkey,TUR,37.0,783562.0,2016.0,6400000.0,1686.937,79827868.0,7.78,10894.60338,101.87817683859095,2.1132181558450237e-05,0.08017250316643806
708,Turkey,TUR,37.0,783562.0,2017.0,5900000.0,1787.401,81116451.0,11.14,10589.66772,103.52269635331984,2.2035000027306423e-05,0.07273493757758213
709,Turkey,TUR,37.0,783562.0,2018.0,5700000.0,1767.596,82340090.0,16.33,9454.348443,105.08433282879976,2.146701564207666e-05,0.06922508828931326
710,Turkey,TUR,37.0,783562.0,2019.0,6000000.0,1834.348,83429607.0,15.18,9121.515167,106.47479969676937,2.1986775030595554e-05,0.07191691553814943
711,Turkmenistan,TKM,53.0,488100.0,2016.0,50000.0,329.542,5662371.0,3.65,6387.682575,11.600842040565459,5.8198588541796354e-05,0.00883022324040583
712,Turkmenistan,TKM,53.0,488100.0,2017.0,50000.0,326.103,5757667.0,8.04,6587.092604,11.796080721163696,5.663804454130467e-05,0.008684072906613043
713,Turkmenistan,TKM,53.0,488100.0,2018.0,40000.0,363.039,5850902.0,13.3,6967.375043,11.987096906371645,6.204838159996526e-05,0.0068365527229818585
714,Turkmenistan,TKM,53.0,488100.0,2019.0,40000.0,394.785,5942094.0,5.09,7612.03518,12.173927473878303,6.64386998926641e-05,0.006731633663149724
718,Uganda,UGA,81.0,241550.0,2016.0,2482795.0,29.949,39649173.0,5.17,736.5598474,164.14478575864212,7.553499287362185e-07,0.06261908665787304
719,Uganda,UGA,81.0,241550.0,2017.0,2814490.0,32.621,41166588.0,5.63,746.8307529,170.4267770647899,7.924144697151e-07,0.06836830878478439
720,Uganda,UGA,81.0,241550.0,2018.0,3442430.0,35.101,42729032.0,2.62,770.6007843,176.89518526185054,8.214789419989669e-07,0.08056419345048585
721,Uganda,UGA,81.0,241550.0,2019.0,3588000.0,38.178,44269587.0,2.87,798.5857341,183.27297453943282,8.623979256910619e-07,0.08104886996122192
722,Ukraine,UKR,45.0,603500.0,2016.0,28074610.0,1049.995,45004673.0,13.95,2187.730469,74.57278044739023,2.3330799448315065e-05,0.6238154424541648
723,Ukraine,UKR,45.0,603500.0,2017.0,24668750.0,975.331,44831135.0,14.44,2638.326172,74.28522783761392,2.1755661550839613e-05,0.5502593231244313
724,Ukraine,UKR,45.0,603500.0,2018.0,35801048.0,1011.989,44622518.0,10.94,3096.561768,73.93954929577465,2.2678886027901878e-05,0.8023090046151138
725,Ukraine,UKR,45.0,603500.0,2019.0,35880048.0,957.663,44386203.0,7.89,3661.456299,73.54797514498757,2.1575690986678902e-05,0.808360381715913
726,United Arab Emirates,ARE,116.0,83600.0,2016.0,5988.0,1284.301,9360975.0,1.62,38141.87689,111.97338516746412,0.0001371973539081132,0.000639676956727264
727,United Arab Emirates,ARE,116.0,83600.0,2017.0,17143.0,1288.78,9487206.0,1.97,40644.79119,113.48332535885167,0.00013584399874947377,0.0018069598151447329
728,United Arab Emirates,ARE,116.0,83600.0,2018.0,8170.0,1271.727,9630966.0,3.06,43839.32449,115.20294258373205,0.0001320456328056812,0.000848305351716536
729,United Arab Emirates,ARE,116.0,83600.0,2019.0,26072.0,1263.322,9770526.0,-1.93,42701.44305,116.87232057416269,0.00012929928235184062,0.002668433613502487
730,United Kingdom,GBR,80.0,242900.0,2016.0,0.0,2252.792,65611593.0,1.0,41499.5557,270.1177151090984,3.4335273645924126e-05,0.0
731,United Kingdom,GBR,80.0,242900.0,2017.0,0.0,2247.062,66058859.0,2.68,40857.75558,271.9590736928777,3.40160583155092e-05,0.0
732,United Kingdom,GBR,80.0,242900.0,2018.0,0.0,2237.628,66460344.0,2.32,43646.95197,273.61195553725815,3.366861898879127e-05,0.0
733,United Kingdom,GBR,80.0,242900.0,2019.0,0.0,2185.358,66836327.0,1.79,43070.49836,275.1598476739399,3.269715883698995e-05,0.0
734,United States,USA,4.0,9372610.0,2016.0,412262176.0,25723.152,323071755.0,1.26,57866.74493,34.46977469456213,7.962055364449918e-05,1.2760700049436386
735,United States,USA,4.0,9372610.0,2017.0,371096032.0,25819.031,325122128.0,2.14,59914.7778,34.68853691767821,7.941333048853567e-05,1.1414050291895235
736,United States,USA,4.0,9372610.0,2018.0,364262144.0,26762.473,326838199.0,2.44,62805.25376,34.871631167839055,8.188294110628116e-05,1.1145029715452568
737,United States,USA,4.0,9372610.0,2019.0,345962112.0,26571.66,328329953.0,1.81,65094.79943,35.03079216995052,8.092974691224715e-05,1.0537025599976253
738,Uruguay,URY,91.0,181034.0,2016.0,487000.0,67.693,3424139.0,9.63,16715.63347,18.914342057293105,1.9769349316718743e-05,0.14222553465265284
739,Uruguay,URY,91.0,181034.0,2017.0,471000.0,65.34,3436645.0,6.22,18690.89384,18.983423003413723,1.901272898422735e-05,0.13705227045563334
740,Uruguay,URY,91.0,181034.0,2018.0,309000.0,67.027,3449290.0,7.61,18703.86029,19.05327176110565,1.9432115014974097e-05,0.08958365344752109
741,Uruguay,URY,91.0,181034.0,2019.0,816000.0,67.875,3461731.0,7.88,17688.01501,19.121993658649757,1.9607242734920767e-05,0.23572022205076015
742,Uzbekistan,UZB,57.0,447400.0,2016.0,491919.0,515.043,31847900.0,7.98,2704.677188,71.18439874832364,1.617196110261587e-05,0.015445884972007573
743,Uzbekistan,UZB,57.0,447400.0,2017.0,389427.0,531.674,32388600.0,13.88,1916.764642,72.39293696915512,1.641546717054766e-05,0.012023582371575183
744,Uzbekistan,UZB,57.0,447400.0,2018.0,413165.0,533.67,32956100.0,17.68,1597.068337,73.66137684398748,1.619336025804024e-05,0.012536829297155914
745,Uzbekistan,UZB,57.0,447400.0,2019.0,421273.0,534.644,33580350.0,14.53,1784.009816,75.05666070630309,1.5921334947372496e-05,0.012545223620361312
746,Vanuatu,VUT,162.0,12189.0,2016.0,887.0,0.693,278326.0,0.84,2805.66532,22.834194765772416,2.4898859610672373e-06,0.0031869103138046752
747,Vanuatu,VUT,162.0,12189.0,2017.0,909.0,0.772,285499.0,3.09,3082.540055,23.42267618344409,2.704037492250411e-06,0.0031838990679476987
748,Vanuatu,VUT,162.0,12189.0,2018.0,918.0,0.993,292675.0,2.31,3125.436014,24.011403724669783,3.3928418894678398e-06,0.0031365849491757068
749,Vanuatu,VUT,162.0,12189.0,2019.0,927.0,0.956,299882.0,2.75,3122.982599,24.602674542620395,3.187920582095624e-06,0.0030912158782454434
751,Venezuela,VEN,33.0,916445.0,2016.0,1543365.0,843.604,29851249.0,254.39,0.0,32.57287562265057,2.826025805486397e-05,0.05170185676317932
752,Venezuela,VEN,33.0,916445.0,2017.0,1282179.0,850.963,29402480.0,438.12,0.0,32.08319102619361,2.8941878372164523e-05,0.043607852126759376
753,Venezuela,VEN,33.0,916445.0,2018.0,1776252.0,699.512,28887117.0,65374.08,0.0,31.520840857880177,2.421536216300159e-05,0.06148941758362387
754,Venezuela,VEN,33.0,916445.0,2019.0,1566176.0,580.394,28515829.0,19906.02,0.0,31.11570143325568,2.0353397406051216e-05,0.05492303941084792
755,Vietnam,VNM,67.0,331212.0,2016.0,5244140.0,899.529,93640435.0,2.68,2745.565588,282.7205385070589,9.606202705060053e-06,0.05600294360016589
756,Vietnam,VNM,67.0,331212.0,2017.0,5109766.0,967.944,94600643.0,3.52,2974.117229,285.61961221211794,1.0231896626749143e-05,0.054014072610478976
757,Vietnam,VNM,67.0,331212.0,2018.0,4874054.0,1086.148,95545959.0,3.54,3230.927713,288.473723778124,1.1367806774538732e-05,0.05101266501495893
758,Vietnam,VNM,67.0,331212.0,2019.0,4732149.0,1205.405,96462108.0,2.8,3425.089253,291.23977392123476,1.2496150301836654e-05,0.04905707638070692
761,Yemen,YEM,50.0,527968.0,2016.0,36892.0,41.915,27168210.0,5.0,1152.738019,51.45806185223347,1.542795789637963e-06,0.0013579105874108011
762,Yemen,YEM,50.0,527968.0,2017.0,36887.0,38.681,27834811.0,30.4,964.3403436,52.720640266076735,1.3896627500003502e-06,0.0013252110819074719
763,Yemen,YEM,50.0,527968.0,2018.0,36438.0,35.978,28498683.0,27.6,758.1459489,53.97804980604885,1.2624443031279728e-06,0.0012785853998937425
764,Yemen,YEM,50.0,527968.0,2019.0,48290.0,46.604,29161922.0,10.0,750.5545834,55.2342604097218,1.5981114002019482e-06,0.0016559265195209012
765,Zambia,ZMB,39.0,752612.0,2016.0,2873052.0,47.733,16363449.0,17.86,1280.806543,21.74221112605167,2.9170500668899325e-06,0.17557741036134863
766,Zambia,ZMB,39.0,752612.0,2017.0,3606549.0,55.058,16853608.0,6.58,1535.196574,22.393488278156607,3.266837581602705e-06,0.21399269521398623
767,Zambia,ZMB,39.0,752612.0,2018.0,2394907.0,61.926,17351714.0,7.49,1516.368371,23.055324655998046,3.568869334752751e-06,0.1380213505132692
768,Zambia,ZMB,39.0,752612.0,2019.0,2004389.0,60.694,17861034.0,9.8,1305.001031,23.7320611417304,3.3981235352891665e-06,0.11222133052319368
769,Zimbabwe,ZWE,61.0,390757.0,2016.0,511816.0,46.666,14030338.0,-1.57,1464.588957,35.90553208259865,3.326078103036434e-06,0.036479235211582216
770,Zimbabwe,ZWE,61.0,390757.0,2017.0,1532572.0,45.936,14236599.0,0.91,1235.189032,36.43338187159795,3.226613322465569e-06,0.10765014874690226
771,Zimbabwe,ZWE,61.0,390757.0,2018.0,1560100.0,47.502,14438812.0,10.61,1254.642265,36.95087228123872,3.2898828518578955e-06,0.1080490555594186
772,Zimbabwe,ZWE,61.0,390757.0,2019.0,509322.0,49.427,14645473.0,255.29,1316.740657,37.479745724324836,3.374899533801332e-06,0.03477675319875295
