,Country,Year,Food Production in tonnes
55,Afghanistan,2016,311646.0
56,Afghanistan,2017,173912.0
57,Afghanistan,2018,106670.0
58,Afghanistan,2019,184671.0
115,Africa,2016,73830336.0
116,Africa,2017,89307968.0
117,Africa,2018,82273072.0
118,Africa,2019,83902256.0
175,Africa (FAO),2016,73830336.0
176,Africa (FAO),2017,89307968.0
177,Africa (FAO),2018,82273072.0
178,Africa (FAO),2019,83902256.0
235,Albania,2016,379714.0
236,Albania,2017,381059.0
237,Albania,2018,391104.0
238,Albania,2019,388951.0
295,Algeria,2016,3687.0
296,Algeria,2017,2634.0
297,Algeria,2018,5512.0
298,Algeria,2019,6368.0
355,Americas (FAO),2016,576386176.0
356,Americas (FAO),2017,578373632.0
357,Americas (FAO),2018,549851392.0
358,Americas (FAO),2019,563356160.0
415,Angola,2016,2238456.0
416,Angola,2017,2380522.0
417,Angola,2018,2765316.0
418,Angola,2019,2818684.0
475,Antigua and Barbuda,2016,65.0
476,Antigua and Barbuda,2017,59.0
477,Antigua and Barbuda,2018,54.0
478,Antigua and Barbuda,2019,48.0
535,Argentina,2016,39792856.0
536,Argentina,2017,49475896.0
537,Argentina,2018,43462324.0
538,Argentina,2019,56860704.0
564,Armenia,2016,21026.0
565,Armenia,2017,10413.0
566,Armenia,2018,7615.0
567,Armenia,2019,4758.0
624,Asia,2016,358918560.0
625,Asia,2017,359519072.0
626,Asia,2018,363139648.0
627,Asia,2019,360773120.0
684,Asia (FAO),2016,358918560.0
685,Asia (FAO),2017,359519072.0
686,Asia (FAO),2018,363139648.0
687,Asia (FAO),2019,360773120.0
744,Australia,2016,400032.0
745,Australia,2017,436194.0
746,Australia,2018,387240.0
747,Australia,2019,327206.0
804,Austria,2016,2179587.0
805,Austria,2017,2075983.0
806,Austria,2018,2130340.0
807,Austria,2019,2298880.0
833,Azerbaijan,2016,223991.0
834,Azerbaijan,2017,235669.0
835,Azerbaijan,2018,247939.0
836,Azerbaijan,2019,283570.0
893,Bahamas,2016,659.0
894,Bahamas,2017,648.0
895,Bahamas,2018,634.0
896,Bahamas,2019,647.0
953,Bangladesh,2016,2445576.0
954,Bangladesh,2017,3025392.0
955,Bangladesh,2018,3288102.0
956,Bangladesh,2019,3569321.0
1013,Barbados,2016,96.0
1014,Barbados,2017,74.0
1015,Barbados,2018,109.0
1016,Barbados,2019,42.0
1042,Belarus,2016,740511.0
1043,Belarus,2017,694238.0
1044,Belarus,2018,1137845.0
1045,Belarus,2019,1095331.0
1063,Belgium,2016,480496.0
1064,Belgium,2017,608671.0
1065,Belgium,2018,376550.0
1066,Belgium,2019,429220.0
1162,Belize,2016,65762.0
1163,Belize,2017,89536.0
1164,Belize,2018,77766.0
1165,Belize,2019,58049.0
1222,Benin,2016,1376683.0
1223,Benin,2017,1454284.0
1224,Benin,2018,1509758.0
1225,Benin,2019,1580750.0
1331,Bhutan,2016,82035.0
1332,Bhutan,2017,94052.0
1333,Bhutan,2018,55259.0
1334,Bhutan,2019,46235.0
1391,Bolivia,2016,984628.0
1392,Bolivia,2017,954909.0
1393,Bolivia,2018,1260926.0
1394,Bolivia,2019,987503.0
1420,Bosnia and Herzegovina,2016,1178423.0
1421,Bosnia and Herzegovina,2017,709584.0
1422,Bosnia and Herzegovina,2018,1272339.0
1423,Bosnia and Herzegovina,2019,1235596.0
1480,Botswana,2016,15095.0
1481,Botswana,2017,12265.0
1482,Botswana,2018,24633.0
1483,Botswana,2019,7278.0
1540,Brazil,2016,64188312.0
1541,Brazil,2017,97910656.0
1542,Brazil,2018,82366528.0
1543,Brazil,2019,101126408.0
1649,Bulgaria,2016,2226094.0
1650,Bulgaria,2017,2562569.0
1651,Bulgaria,2018,3522500.0
1652,Bulgaria,2019,4059790.0
1709,Burkina Faso,2016,1602525.0
1710,Burkina Faso,2017,1533431.0
1711,Burkina Faso,2018,1700127.0
1712,Burkina Faso,2019,1710898.0
1769,Burundi,2016,243740.0
1770,Burundi,2017,228355.0
1771,Burundi,2018,290498.0
1772,Burundi,2019,270813.0
1829,Cambodia,2016,663000.0
1830,Cambodia,2017,750000.0
1831,Cambodia,2018,1232000.0
1832,Cambodia,2019,895000.0
1889,Cameroon,2016,2164003.0
1890,Cameroon,2017,2064612.0
1891,Cameroon,2018,2099729.0
1892,Cameroon,2019,2109448.0
1949,Canada,2016,13889000.0
1950,Canada,2017,14095500.0
1951,Canada,2018,13884800.0
1952,Canada,2019,13403900.0
2009,Cape Verde,2016,5642.0
2010,Cape Verde,2017,4.0
2011,Cape Verde,2018,719.0
2012,Cape Verde,2019,640.0
2069,Caribbean (FAO),2016,711917.0
2070,Caribbean (FAO),2017,651967.0
2071,Caribbean (FAO),2018,633553.0
2072,Caribbean (FAO),2019,560734.0
2129,Central African Republic,2016,92355.0
2130,Central African Republic,2017,90000.0
2131,Central African Republic,2018,90000.0
2132,Central African Republic,2019,90000.0
2189,Central America (FAO),2016,32300008.0
2190,Central America (FAO),2017,31923514.0
2191,Central America (FAO),2018,31157244.0
2192,Central America (FAO),2019,31067820.0
2218,Central Asia (FAO),2016,2161136.0
2219,Central Asia (FAO),2017,2095921.0
2220,Central Asia (FAO),2018,2245491.0
2221,Central Asia (FAO),2019,2301936.0
2278,Chad,2016,443779.0
2279,Chad,2017,396506.0
2280,Chad,2018,437898.0
2281,Chad,2019,414606.0
2338,Chile,2016,1174487.0
2339,Chile,2017,1062589.0
2340,Chile,2018,1110608.0
2341,Chile,2019,973178.0
2398,China,2016,263612992.0
2399,China,2017,259071008.0
2400,China,2018,257173904.0
2401,China,2019,260778896.0
2458,China (FAO),2016,263777744.0
2459,China (FAO),2017,259256304.0
2460,China (FAO),2018,257348656.0
2461,China (FAO),2019,260957664.0
2518,Colombia,2016,1295089.0
2519,Colombia,2017,1329856.0
2520,Colombia,2018,1378368.0
2521,Colombia,2019,1394863.0
2578,Comoros,2016,6241.0
2579,Comoros,2017,6269.0
2580,Comoros,2018,6262.0
2581,Comoros,2019,6257.0
2638,Congo,2016,11889.0
2639,Congo,2017,12329.0
2640,Congo,2018,12777.0
2641,Congo,2019,14000.0
2698,Costa Rica,2016,9542.0
2699,Costa Rica,2017,6720.0
2700,Costa Rica,2018,18063.0
2701,Costa Rica,2019,13306.0
2758,Cote d'Ivoire,2016,967000.0
2759,Cote d'Ivoire,2017,1025000.0
2760,Cote d'Ivoire,2018,1054960.0
2761,Cote d'Ivoire,2019,1102433.0
2787,Croatia,2016,2154470.0
2788,Croatia,2017,1559638.0
2789,Croatia,2018,2147280.0
2790,Croatia,2019,2298320.0
2847,Cuba,2016,404467.0
2848,Cuba,2017,373870.0
2849,Cuba,2018,345909.0
2850,Cuba,2019,307000.0
2907,Cyprus,2016,
2908,Cyprus,2017,
2909,Cyprus,2018,
2910,Cyprus,2019,
2934,Czechia,2016,845765.0
2935,Czechia,2017,588105.0
2936,Czechia,2018,489150.0
2937,Czechia,2019,620260.0
3026,Democratic Republic of Congo,2016,2100806.0
3027,Democratic Republic of Congo,2017,2186318.0
3028,Democratic Republic of Congo,2018,2186055.0
3029,Democratic Republic of Congo,2019,2138962.0
3086,Denmark,2016,43800.0
3087,Denmark,2017,38900.0
3088,Denmark,2018,35480.0
3089,Denmark,2019,40820.0
3146,Djibouti,2016,17.0
3147,Djibouti,2017,17.0
3148,Djibouti,2018,17.0
3149,Djibouti,2019,17.0
3206,Dominica,2016,188.0
3207,Dominica,2017,192.0
3208,Dominica,2018,192.0
3209,Dominica,2019,193.0
3266,Dominican Republic,2016,41666.0
3267,Dominican Republic,2017,44007.0
3268,Dominican Republic,2018,44681.0
3269,Dominican Republic,2019,49840.0
3326,Eastern Africa (FAO),2016,28916954.0
3327,Eastern Africa (FAO),2017,34060688.0
3328,Eastern Africa (FAO),2018,33057332.0
3329,Eastern Africa (FAO),2019,30913080.0
3386,Eastern Asia (FAO),2016,266046848.0
3387,Eastern Asia (FAO),2017,261528800.0
3388,Eastern Asia (FAO),2018,259302976.0
3389,Eastern Asia (FAO),2019,263600736.0
3446,Eastern Europe (FAO),2016,74090408.0
3447,Eastern Europe (FAO),2017,69647344.0
3448,Eastern Europe (FAO),2018,86328192.0
3449,Eastern Europe (FAO),2019,88838944.0
3506,Ecuador,2016,1091108.0
3507,Ecuador,2017,1436106.0
3508,Ecuador,2018,1324147.0
3509,Ecuador,2019,1479770.0
3566,Egypt,2016,7817640.0
3567,Egypt,2017,8542635.0
3568,Egypt,2018,5111236.0
3569,Egypt,2019,7593140.0
3626,El Salvador,2016,923472.0
3627,El Salvador,2017,904204.0
3628,El Salvador,2018,685509.0
3629,El Salvador,2019,785991.0
3654,Eritrea,2016,20000.0
3655,Eritrea,2017,20000.0
3656,Eritrea,2018,20000.0
3657,Eritrea,2019,20000.0
3715,Estonia,2016,
3716,Estonia,2017,
3717,Estonia,2018,0.0
3718,Estonia,2019,0.0
3775,Eswatini,2016,33000.0
3776,Eswatini,2017,84000.0
3777,Eswatini,2018,113000.0
3778,Eswatini,2019,95000.0
3803,Ethiopia,2016,8846787.0
3804,Ethiopia,2017,10488193.0
3805,Ethiopia,2018,10119847.0
3806,Ethiopia,2019,9635735.0
3863,Europe,2016,117678272.0
3864,Europe,2017,110887776.0
3865,Europe,2018,128393032.0
3866,Europe,2019,132781504.0
3923,Europe (FAO),2016,117678272.0
3924,Europe (FAO),2017,110887776.0
3925,Europe (FAO),2018,128393032.0
3926,Europe (FAO),2019,132781504.0
3983,European Union (27),2016,62960160.0
3984,European Union (27),2017,65146980.0
3985,European Union (27),2018,69004808.0
3986,European Union (27),2019,70099296.0
4043,European Union (27) (FAO),2016,62960160.0
4044,European Union (27) (FAO),2017,65146980.0
4045,European Union (27) (FAO),2018,69004808.0
4046,European Union (27) (FAO),2019,70099296.0
4103,Fiji,2016,867.0
4104,Fiji,2017,961.0
4105,Fiji,2018,1208.0
4106,Fiji,2019,1400.0
4163,Finland,2016,
4164,Finland,2017,
4165,Finland,2018,
4166,Finland,2019,
4222,France,2016,11839729.0
4223,France,2017,14534897.0
4224,France,2018,12580430.0
4225,France,2019,12845020.0
4318,French Polynesia,2016,
4319,French Polynesia,2017,
4320,French Polynesia,2018,
4321,French Polynesia,2019,
4377,Gabon,2016,44272.0
4378,Gabon,2017,45162.0
4379,Gabon,2018,44388.0
4380,Gabon,2019,44607.0
4437,Gambia,2016,31000.0
4438,Gambia,2017,21000.0
4439,Gambia,2018,18000.0
4440,Gambia,2019,17000.0
4466,Georgia,2016,243700.0
4467,Georgia,2017,142500.0
4468,Georgia,2018,194200.0
4469,Georgia,2019,207100.0
4526,Germany,2016,4017800.0
4527,Germany,2017,4547600.0
4528,Germany,2018,3344300.0
4529,Germany,2019,3664800.0
4586,Ghana,2016,1721910.0
4587,Ghana,2017,2011179.0
4588,Ghana,2018,2306384.0
4589,Ghana,2019,2900000.0
4646,Greece,2016,1505461.0
4647,Greece,2017,1461730.0
4648,Greece,2018,1205980.0
4649,Greece,2019,1233620.0
4706,Grenada,2016,388.0
4707,Grenada,2017,384.0
4708,Grenada,2018,376.0
4709,Grenada,2019,383.0
4783,Guatemala,2016,1899318.0
4784,Guatemala,2017,1951551.0
4785,Guatemala,2018,1977433.0
4786,Guatemala,2019,1870000.0
4843,Guinea,2016,748639.0
4844,Guinea,2017,817286.0
4845,Guinea,2018,818544.0
4846,Guinea,2019,871359.0
4903,Guinea-Bissau,2016,6000.0
4904,Guinea-Bissau,2017,7000.0
4905,Guinea-Bissau,2018,7000.0
4906,Guinea-Bissau,2019,7000.0
4963,Guyana,2016,4000.0
4964,Guyana,2017,4000.0
4965,Guyana,2018,4000.0
4966,Guyana,2019,4000.0
5023,Haiti,2016,257435.0
5024,Haiti,2017,225000.0
5025,Haiti,2018,234033.0
5026,Haiti,2019,194597.0
5083,High-income countries,2016,478983456.0
5084,High-income countries,2017,436226272.0
5085,High-income countries,2018,427595520.0
5086,High-income countries,2019,411004224.0
5143,Honduras,2016,613334.0
5144,Honduras,2017,683734.0
5145,Honduras,2018,705309.0
5146,Honduras,2019,589020.0
5203,Hong Kong,2016,
5204,Hong Kong,2017,
5205,Hong Kong,2018,
5206,Hong Kong,2019,
5262,Hungary,2016,8729915.0
5263,Hungary,2017,6739186.0
5264,Hungary,2018,7930560.0
5265,Hungary,2019,8229690.0
5322,Iceland,2016,
5323,Iceland,2017,
5324,Iceland,2018,
5325,Iceland,2019,
5381,India,2016,25900000.0
5382,India,2017,25899870.0
5383,India,2018,28752880.0
5384,India,2019,27715100.0
5441,Indonesia,2016,23578412.0
5442,Indonesia,2017,28924016.0
5443,Indonesia,2018,30253938.0
5444,Indonesia,2019,22586000.0
5501,Iran,2016,1170587.0
5502,Iran,2017,693510.0
5503,Iran,2018,608898.0
5504,Iran,2019,1400000.0
5561,Iraq,2016,259546.0
5562,Iraq,2017,185291.0
5563,Iraq,2018,225000.0
5564,Iraq,2019,473064.0
5621,Ireland,2016,
5622,Ireland,2017,
5623,Ireland,2018,0.0
5624,Ireland,2019,0.0
5681,Israel,2016,80264.0
5682,Israel,2017,87583.0
5683,Israel,2018,74929.0
5684,Israel,2019,77801.0
5741,Italy,2016,6839499.0
5742,Italy,2017,6048499.0
5743,Italy,2018,6199150.0
5744,Italy,2019,6279120.0
5801,Jamaica,2016,2340.0
5802,Jamaica,2017,2539.0
5803,Jamaica,2018,2177.0
5804,Jamaica,2019,2058.0
5861,Japan,2016,170.0
5862,Japan,2017,167.0
5863,Japan,2018,160.0
5864,Japan,2019,166.0
5921,Jordan,2016,29878.0
5922,Jordan,2017,37179.0
5923,Jordan,2018,17434.0
5924,Jordan,2019,20936.0
5950,Kazakhstan,2016,762360.0
5951,Kazakhstan,2017,784695.0
5952,Kazakhstan,2018,862094.0
5953,Kazakhstan,2019,895978.0
6010,Kenya,2016,3339000.0
6011,Kenya,2017,3186000.0
6012,Kenya,2018,4013777.0
6013,Kenya,2019,3582000.0
6070,Kiribati,2016,
6071,Kiribati,2017,
6072,Kiribati,2018,
6073,Kiribati,2019,
6129,Kuwait,2016,2949.0
6130,Kuwait,2017,3838.0
6131,Kuwait,2018,8869.0
6132,Kuwait,2019,25792.0
6158,Kyrgyzstan,2016,648744.0
6159,Kyrgyzstan,2017,653351.0
6160,Kyrgyzstan,2018,692877.0
6161,Kyrgyzstan,2019,711786.0
6218,Land Locked Developing Countries (FAO),2016,37124424.0
6219,Land Locked Developing Countries (FAO),2017,42619096.0
6220,Land Locked Developing Countries (FAO),2018,42261572.0
6221,Land Locked Developing Countries (FAO),2019,41231628.0
6278,Laos,2016,1552360.0
6279,Laos,2017,1192525.0
6280,Laos,2018,981680.0
6281,Laos,2019,793625.0
6307,Latvia,2016,
6308,Latvia,2017,
6309,Latvia,2018,0.0
6310,Latvia,2019,0.0
6367,Least Developed Countries (FAO),2016,47201368.0
6368,Least Developed Countries (FAO),2017,53135376.0
6369,Least Developed Countries (FAO),2018,52839440.0
6370,Least Developed Countries (FAO),2019,52320828.0
6427,Lebanon,2016,2745.0
6428,Lebanon,2017,4864.0
6429,Lebanon,2018,3000.0
6430,Lebanon,2019,3000.0
6487,Lesotho,2016,19181.0
6488,Lesotho,2017,172666.0
6489,Lesotho,2018,109912.0
6490,Lesotho,2019,24621.0
6547,Liberia,2016,
6548,Liberia,2017,
6549,Liberia,2018,
6550,Liberia,2019,
6606,Libya,2016,3288.0
6607,Libya,2017,3417.0
6608,Libya,2018,3435.0
6609,Libya,2019,3380.0
6635,Lithuania,2016,86233.0
6636,Lithuania,2017,56974.0
6637,Lithuania,2018,87590.0
6638,Lithuania,2019,97970.0
6695,Low Income Food Deficit Countries (FAO),2016,81836232.0
6696,Low Income Food Deficit Countries (FAO),2017,87929104.0
6697,Low Income Food Deficit Countries (FAO),2018,91727040.0
6698,Low Income Food Deficit Countries (FAO),2019,90912640.0
6755,Low-income countries,2016,27502608.0
6756,Low-income countries,2017,31132686.0
6757,Low-income countries,2018,30797064.0
6758,Low-income countries,2019,32253468.0
6815,Lower-middle-income countries,2016,152227600.0
6816,Lower-middle-income countries,2017,156920416.0
6817,Lower-middle-income countries,2018,171056320.0
6818,Lower-middle-income countries,2019,166122080.0
6836,Luxembourg,2016,840.0
6837,Luxembourg,2017,695.0
6838,Luxembourg,2018,460.0
6839,Luxembourg,2019,660.0
6896,Macao,2016,
6897,Macao,2017,
6898,Macao,2018,
6899,Macao,2019,
6955,Madagascar,2016,316331.0
6956,Madagascar,2017,281487.0
6957,Madagascar,2018,215000.0
6958,Madagascar,2019,219220.0
7015,Malawi,2016,2369493.0
7016,Malawi,2017,3464139.0
7017,Malawi,2018,2697959.0
7018,Malawi,2019,3391924.0
7075,Malaysia,2016,64867.0
7076,Malaysia,2017,72561.0
7077,Malaysia,2018,68907.0
7078,Malaysia,2019,60498.0
7135,Maldives,2016,146.0
7136,Maldives,2017,143.0
7137,Maldives,2018,144.0
7138,Maldives,2019,144.0
7195,Mali,2016,2811385.0
7196,Mali,2017,3598205.0
7197,Mali,2018,3624950.0
7198,Mali,2019,3816536.0
7255,Malta,2016,
7256,Malta,2017,
7257,Malta,2018,0.0
7258,Malta,2019,0.0
7315,Mauritania,2016,9600.0
7316,Mauritania,2017,10000.0
7317,Mauritania,2018,12000.0
7318,Mauritania,2019,16000.0
7375,Mauritius,2016,415.0
7376,Mauritius,2017,442.0
7377,Mauritius,2018,387.0
7378,Mauritius,2019,495.0
7435,Melanesia,2016,22629.0
7436,Melanesia,2017,23728.0
7437,Melanesia,2018,24790.0
7438,Melanesia,2019,23587.0
7495,Mexico,2016,28250160.0
7496,Mexico,2017,27763204.0
7497,Mexico,2018,27169400.0
7498,Mexico,2019,27228242.0
7555,Micronesia (FAO),2016,88.0
7556,Micronesia (FAO),2017,91.0
7557,Micronesia (FAO),2018,89.0
7558,Micronesia (FAO),2019,89.0
7585,Micronesia (country),2016,88.0
7586,Micronesia (country),2017,90.0
7587,Micronesia (country),2018,88.0
7588,Micronesia (country),2019,89.0
7645,Middle Africa (FAO),2016,7096328.0
7646,Middle Africa (FAO),2017,7176025.0
7647,Middle Africa (FAO),2018,7637104.0
7648,Middle Africa (FAO),2019,7631405.0
7674,Moldova,2016,1392443.0
7675,Moldova,2017,1772525.0
7676,Moldova,2018,2073775.0
7677,Moldova,2019,2129889.0
7734,Mongolia,2016,
7735,Mongolia,2017,
7736,Mongolia,2018,
7737,Mongolia,2019,
7748,Montenegro,2016,2650.0
7749,Montenegro,2017,2708.0
7750,Montenegro,2018,2743.0
7751,Montenegro,2019,2810.0
7808,Morocco,2016,128763.0
7809,Morocco,2017,122399.0
7810,Morocco,2018,118392.0
7811,Morocco,2019,40491.0
7868,Mozambique,2016,1217000.0
7869,Mozambique,2017,1224000.0
7870,Mozambique,2018,1406794.0
7871,Mozambique,2019,1451686.0
7928,Myanmar,2016,1830631.0
7929,Myanmar,2017,1909295.0
7930,Myanmar,2018,1984136.0
7931,Myanmar,2019,1985765.0
7988,Namibia,2016,43611.0
7989,Namibia,2017,71037.0
7990,Namibia,2018,59253.0
7991,Namibia,2019,45000.0
7993,Nauru,2017,1.0
7994,Nauru,2018,1.0
7995,Nauru,2019,0.0
8052,Nepal,2016,2231517.0
8053,Nepal,2017,2300121.0
8054,Nepal,2018,2596844.0
8055,Nepal,2019,2653243.0
8112,Net Food Importing Developing Countries (FAO),2016,71042184.0
8113,Net Food Importing Developing Countries (FAO),2017,77178896.0
8114,Net Food Importing Developing Countries (FAO),2018,75636152.0
8115,Net Food Importing Developing Countries (FAO),2019,77863632.0
8172,Netherlands,2016,84641.0
8173,Netherlands,2017,116711.0
8174,Netherlands,2018,89280.0
8175,Netherlands,2019,148300.0
8281,New Caledonia,2016,8543.0
8282,New Caledonia,2017,9415.0
8283,New Caledonia,2018,10184.0
8284,New Caledonia,2019,8842.0
8341,New Zealand,2016,210325.0
8342,New Zealand,2017,175586.0
8343,New Zealand,2018,191993.0
8344,New Zealand,2019,195955.0
8401,Nicaragua,2016,410622.0
8402,Nicaragua,2017,408415.0
8403,Nicaragua,2018,395223.0
8404,Nicaragua,2019,400146.0
8461,Niger,2016,38022.0
8462,Niger,2017,38345.0
8463,Niger,2018,29536.0
8464,Niger,2019,37900.0
8521,Nigeria,2016,11547980.0
8522,Nigeria,2017,10420000.0
8523,Nigeria,2018,11000000.0
8524,Nigeria,2019,12700000.0
8581,North America,2016,459163104.0
8582,North America,2017,417767008.0
8583,North America,2018,409937760.0
8584,North America,2019,390994560.0
8641,North Korea,2016,2195244.0
8642,North Korea,2017,2199755.0
8643,North Korea,2018,1876153.0
8644,North Korea,2019,2566571.0
8670,North Macedonia,2016,147029.0
8671,North Macedonia,2017,123014.0
8672,North Macedonia,2018,190722.0
8673,North Macedonia,2019,148058.0
8730,Northern Africa (FAO),2016,8003378.0
8731,Northern Africa (FAO),2017,8688085.0
8732,Northern Africa (FAO),2018,5284575.0
8733,Northern Africa (FAO),2019,7668379.0
8790,Northern America (FAO),2016,426151168.0
8791,Northern America (FAO),2017,385191520.0
8792,Northern America (FAO),2018,378146944.0
8793,Northern America (FAO),2019,359366016.0
8850,Northern Europe (FAO),2016,130033.0
8851,Northern Europe (FAO),2017,95874.0
8852,Northern Europe (FAO),2018,127670.0
8853,Northern Europe (FAO),2019,150090.0
8910,Norway,2016,
8911,Norway,2017,
8912,Norway,2018,
8913,Norway,2019,
8969,Oceania,2016,633074.0
8970,Oceania,2017,635599.0
8971,Oceania,2018,604112.0
8972,Oceania,2019,546837.0
9029,Oceania (FAO),2016,633074.0
9030,Oceania (FAO),2017,635599.0
9031,Oceania (FAO),2018,604112.0
9032,Oceania (FAO),2019,546837.0
9060,Oman,2016,6856.0
9061,Oman,2017,7075.0
9062,Oman,2018,8827.0
9063,Oman,2019,8916.0
9120,Pakistan,2016,6134274.0
9121,Pakistan,2017,5901630.0
9122,Pakistan,2018,6826379.0
9123,Pakistan,2019,7883026.0
9180,Panama,2016,127799.0
9181,Panama,2017,116151.0
9182,Panama,2018,128540.0
9183,Panama,2019,123065.0
9240,Papua New Guinea,2016,12332.0
9241,Papua New Guinea,2017,12443.0
9242,Papua New Guinea,2018,12480.0
9243,Papua New Guinea,2019,12418.0
9300,Paraguay,2016,5152320.0
9301,Paraguay,2017,5155900.0
9302,Paraguay,2018,5344650.0
9303,Paraguay,2019,5576900.0
9360,Peru,2016,1509809.0
9361,Peru,2017,1523469.0
9362,Peru,2018,1576752.0
9363,Peru,2019,1575955.0
9420,Philippines,2016,7218817.0
9421,Philippines,2017,7914908.0
9422,Philippines,2018,7771919.0
9423,Philippines,2019,7978845.0
9480,Poland,2016,4342910.0
9481,Poland,2017,4021592.0
9482,Poland,2018,3792140.0
9483,Poland,2019,3664550.0
9540,Polynesia,2016,
9541,Polynesia,2017,
9542,Polynesia,2018,
9543,Polynesia,2019,
9599,Portugal,2016,710634.0
9600,Portugal,2017,745123.0
9601,Portugal,2018,713860.0
9602,Portugal,2019,755130.0
9659,Puerto Rico,2016,36.0
9660,Puerto Rico,2017,20.0
9661,Puerto Rico,2018,23.0
9662,Puerto Rico,2019,26.0
9691,Qatar,2016,574.0
9692,Qatar,2017,645.0
9693,Qatar,2018,1866.0
9694,Qatar,2019,619.0
9797,Romania,2016,10746387.0
9798,Romania,2017,14326097.0
9799,Romania,2018,18663940.0
9800,Romania,2019,17432220.0
9826,Russia,2016,15281594.0
9827,Russia,2017,13208095.0
9828,Russia,2018,11419020.0
9829,Russia,2019,14282352.0
9886,Rwanda,2016,374267.0
9887,Rwanda,2017,358417.0
9888,Rwanda,2018,424204.0
9889,Rwanda,2019,421218.0
9946,Saint Kitts and Nevis,2016,
9947,Saint Kitts and Nevis,2017,
9948,Saint Kitts and Nevis,2018,
9949,Saint Kitts and Nevis,2019,
10005,Saint Lucia,2016,
10006,Saint Lucia,2017,
10007,Saint Lucia,2018,
10008,Saint Lucia,2019,
10064,Saint Vincent and the Grenadines,2016,866.0
10065,Saint Vincent and the Grenadines,2017,1129.0
10066,Saint Vincent and the Grenadines,2018,1030.0
10067,Saint Vincent and the Grenadines,2019,900.0
10124,Samoa,2016,
10125,Samoa,2017,
10126,Samoa,2018,
10127,Samoa,2019,
10183,Sao Tome and Principe,2016,768.0
10184,Sao Tome and Principe,2017,576.0
10185,Sao Tome and Principe,2018,941.0
10186,Sao Tome and Principe,2019,1098.0
10243,Saudi Arabia,2016,80000.0
10244,Saudi Arabia,2017,80000.0
10245,Saudi Arabia,2018,125578.0
10246,Saudi Arabia,2019,134881.0
10303,Senegal,2016,218450.0
10304,Senegal,2017,410364.0
10305,Senegal,2018,485673.0
10306,Senegal,2019,530705.0
10318,Serbia,2016,7376738.0
10319,Serbia,2017,4018370.0
10320,Serbia,2018,6964770.0
10321,Serbia,2019,7344542.0
10343,Seychelles,2016,
10344,Seychelles,2017,
10345,Seychelles,2018,
10346,Seychelles,2019,
10402,Sierra Leone,2016,12554.0
10403,Sierra Leone,2017,22418.0
10404,Sierra Leone,2018,22981.0
10405,Sierra Leone,2019,38685.0
10430,Slovakia,2016,1710178.0
10431,Slovakia,2017,1066188.0
10432,Slovakia,2018,1498210.0
10433,Slovakia,2019,1444810.0
10459,Slovenia,2016,346211.0
10460,Slovenia,2017,272177.0
10461,Slovenia,2018,350490.0
10462,Slovenia,2019,360360.0
10519,Small Island Developing States (FAO),2016,920262.0
10520,Small Island Developing States (FAO),2017,858842.0
10521,Small Island Developing States (FAO),2018,844706.0
10522,Small Island Developing States (FAO),2019,738235.0
10579,Solomon Islands,2016,
10580,Solomon Islands,2017,
10581,Solomon Islands,2018,
10582,Solomon Islands,2019,
10638,Somalia,2016,60000.0
10639,Somalia,2017,77000.0
10640,Somalia,2018,102000.0
10641,Somalia,2019,57000.0
10698,South Africa,2016,7778500.0
10699,South Africa,2017,16820000.0
10700,South Africa,2018,12510000.0
10701,South Africa,2019,11275500.0
10758,South America,2016,117223064.0
10759,South America,2017,160606640.0
10760,South America,2018,139913648.0
10761,South America,2019,172361600.0
10818,South America (FAO),2016,117223064.0
10819,South America (FAO),2017,160606640.0
10820,South America (FAO),2018,139913648.0
10821,South America (FAO),2019,172361600.0
10878,South Korea,2016,73681.0
10879,South Korea,2017,72587.0
10880,South Korea,2018,78012.0
10881,South Korea,2019,76336.0
10887,South Sudan,2016,107000.0
10888,South Sudan,2017,92000.0
10889,South Sudan,2018,90000.0
10890,South Sudan,2019,103000.0
10947,South-eastern Asia (FAO),2016,44638976.0
10948,South-eastern Asia (FAO),2017,50769032.0
10949,South-eastern Asia (FAO),2018,52324748.0
10950,South-eastern Asia (FAO),2019,43642940.0
11007,Southern Africa (FAO),2016,7889387.0
11008,Southern Africa (FAO),2017,17159968.0
11009,Southern Africa (FAO),2018,12816798.0
11010,Southern Africa (FAO),2019,11447399.0
11067,Southern Asia (FAO),2016,38519740.0
11068,Southern Asia (FAO),2017,38284376.0
11069,Southern Asia (FAO),2018,42505216.0
11070,Southern Asia (FAO),2019,43697388.0
11127,Southern Europe (FAO),2016,24710336.0
11128,Southern Europe (FAO),2017,19097548.0
11129,Southern Europe (FAO),2018,23280958.0
11130,Southern Europe (FAO),2019,24230968.0
11187,Spain,2016,4069508.0
11188,Spain,2017,3775645.0
11189,Spain,2018,3842520.0
11190,Spain,2019,4184460.0
11247,Sri Lanka,2016,243960.0
11248,Sri Lanka,2017,195744.0
11249,Sri Lanka,2018,270041.0
11250,Sri Lanka,2019,245647.0
11256,Sudan,2016,50000.0
11257,Sudan,2017,17000.0
11258,Sudan,2018,46000.0
11259,Sudan,2019,25000.0
11367,Suriname,2016,89.0
11368,Suriname,2017,86.0
11369,Suriname,2018,85.0
11370,Suriname,2019,142.0
11427,Sweden,2016,
11428,Sweden,2017,
11429,Sweden,2018,4600.0
11430,Sweden,2019,11300.0
11487,Switzerland,2016,144406.0
11488,Switzerland,2017,162454.0
11489,Switzerland,2018,134853.0
11490,Switzerland,2019,174627.0
11547,Syria,2016,157452.0
11548,Syria,2017,91853.0
11549,Syria,2018,101349.0
11550,Syria,2019,215309.0
11607,Taiwan,2016,164750.0
11608,Taiwan,2017,185299.0
11609,Taiwan,2018,174759.0
11610,Taiwan,2019,178762.0
11636,Tajikistan,2016,208113.0
11637,Tajikistan,2017,218448.0
11638,Tajikistan,2018,237355.0
11639,Tajikistan,2019,232899.0
11696,Tanzania,2016,6149000.0
11697,Tanzania,2017,6680758.0
11698,Tanzania,2018,6273151.0
11699,Tanzania,2019,5652005.0
11756,Thailand,2016,4390185.0
11757,Thailand,2017,4820962.0
11758,Thailand,2018,5069143.0
11759,Thailand,2019,4535058.0
11816,Timor,2016,96565.0
11817,Timor,2017,75000.0
11818,Timor,2018,88970.0
11819,Timor,2019,76000.0
11876,Togo,2016,826896.0
11877,Togo,2017,854689.0
11878,Togo,2018,886630.0
11879,Togo,2019,912086.0
11936,Trinidad and Tobago,2016,3711.0
11937,Trinidad and Tobago,2017,4045.0
11938,Trinidad and Tobago,2018,4335.0
11939,Trinidad and Tobago,2019,5000.0
11996,Tunisia,2016,
11997,Tunisia,2017,
11998,Tunisia,2018,
11999,Tunisia,2019,
12055,Turkey,2016,6400000.0
12056,Turkey,2017,5900000.0
12057,Turkey,2018,5700000.0
12058,Turkey,2019,6000000.0
12084,Turkmenistan,2016,50000.0
12085,Turkmenistan,2017,50000.0
12086,Turkmenistan,2018,40000.0
12087,Turkmenistan,2019,40000.0
12175,Uganda,2016,2482795.0
12176,Uganda,2017,2814490.0
12177,Uganda,2018,3442430.0
12178,Uganda,2019,3588000.0
12204,Ukraine,2016,28074610.0
12205,Ukraine,2017,24668750.0
12206,Ukraine,2018,35801048.0
12207,Ukraine,2019,35880048.0
12264,United Arab Emirates,2016,5988.0
12265,United Arab Emirates,2017,17143.0
12266,United Arab Emirates,2018,8170.0
12267,United Arab Emirates,2019,26072.0
12324,United Kingdom,2016,
12325,United Kingdom,2017,
12326,United Kingdom,2018,
12327,United Kingdom,2019,
12383,United States,2016,412262176.0
12384,United States,2017,371096032.0
12385,United States,2018,364262144.0
12386,United States,2019,345962112.0
12443,Upper-middle-income countries,2016,467189376.0
12444,Upper-middle-income countries,2017,513162528.0
12445,Upper-middle-income countries,2018,493036096.0
12446,Upper-middle-income countries,2019,530413920.0
12503,Uruguay,2016,487000.0
12504,Uruguay,2017,471000.0
12505,Uruguay,2018,309000.0
12506,Uruguay,2019,816000.0
12532,Uzbekistan,2016,491919.0
12533,Uzbekistan,2017,389427.0
12534,Uzbekistan,2018,413165.0
12535,Uzbekistan,2019,421273.0
12592,Vanuatu,2016,887.0
12593,Vanuatu,2017,909.0
12594,Vanuatu,2018,918.0
12595,Vanuatu,2019,927.0
12652,Venezuela,2016,1543365.0
12653,Venezuela,2017,1282179.0
12654,Venezuela,2018,1776252.0
12655,Venezuela,2019,1566176.0
12712,Vietnam,2016,5244140.0
12713,Vietnam,2017,5109766.0
12714,Vietnam,2018,4874054.0
12715,Vietnam,2019,4732149.0
12772,Western Africa (FAO),2016,21924286.0
12773,Western Africa (FAO),2017,22223204.0
12774,Western Africa (FAO),2018,23477262.0
12775,Western Africa (FAO),2019,26241992.0
12832,Western Asia (FAO),2016,7551861.0
12833,Western Asia (FAO),2017,6840940.0
12834,Western Asia (FAO),2018,6761214.0
12835,Western Asia (FAO),2019,7530108.0
12892,Western Europe (FAO),2016,18747500.0
12893,Western Europe (FAO),2017,22047012.0
12894,Western Europe (FAO),2018,18656212.0
12895,Western Europe (FAO),2019,19561508.0
12952,World,2016,1127446400.0
12953,World,2017,1138724096.0
12954,World,2018,1124261248.0
12955,World,2019,1141359872.0
13012,Yemen,2016,36892.0
13013,Yemen,2017,36887.0
13014,Yemen,2018,36438.0
13015,Yemen,2019,48290.0
13103,Zambia,2016,2873052.0
13104,Zambia,2017,3606549.0
13105,Zambia,2018,2394907.0
13106,Zambia,2019,2004389.0
13163,Zimbabwe,2016,511816.0
13164,Zimbabwe,2017,1532572.0
13165,Zimbabwe,2018,1560100.0
13166,Zimbabwe,2019,509322.0
