,Country Code,Year,GDP per capita
0,ABW,2016,28453.71556
1,AFE,2016,1446.533624
2,AFG,2016,512.0127781
3,AFW,2016,1673.843681
4,AGO,2016,1728.023754
5,ALB,2016,4124.05539
6,AND,2016,37474.74584
7,ARB,2016,6177.227235
8,ARE,2016,38141.87689
9,ARG,2016,12790.24247
10,ARM,2016,3591.828052
11,ASM,2016,12038.2497
12,ATG,2016,15198.74297
13,AUS,2016,49881.76371
14,AUT,2016,45307.58786
15,AZE,2016,3880.738731
16,BDI,2016,251.6514772
17,BEL,2016,42012.62272
18,BEN,2016,1087.287331
19,BFA,2016,688.2506963
20,BGD,2016,1678.95323
21,BGR,2016,7569.478815
22,BHR,2016,22608.45256
23,BHS,2016,31314.84456
24,BIH,2016,4994.971623
25,BLR,2016,5039.681886
26,BLZ,2016,4877.670506
27,BMU,2016,106885.8785
28,BOL,2016,3076.656439
29,BRA,2016,8710.06329
30,BRB,2016,16909.88655
31,BRN,2016,27158.40565
32,BTN,2016,2930.574923
33,BWA,2016,6982.917492
34,CAF,2016,402.1916451
35,CAN,2016,42315.60371
36,CEB,2016,12831.40994
37,CHE,2016,83073.28008
38,CHI,2016,
39,CHL,2016,13690.90746
40,CHN,2016,8094.363367
41,CIV,2016,2013.381448
42,CMR,2016,1413.255957
43,COD,2016,471.3188225
44,COG,2016,2051.666176
45,COL,2016,5870.777957
46,COM,2016,1273.050952
47,CPV,2016,3131.017598
48,CRI,2016,12011.22275
49,CSS,2016,9557.667766
50,CUB,2016,8060.796598
51,CUW,2016,18881.83062
52,CYM,2016,78471.62814
53,CYP,2016,24605.91992
54,CZE,2016,18575.23203
55,DEU,2016,42136.12079
56,DJI,2016,2803.689125
57,DMA,2016,8080.968623
58,DNK,2016,54663.99837
59,DOM,2016,7280.88361
60,DZA,2016,3946.452447
61,EAP,2016,6600.764194
62,EAR,2016,3303.710575
63,EAS,2016,9867.865824
64,ECA,2016,7070.965425
65,ECS,2016,22455.14736
66,ECU,2016,6060.092962
67,EGY,2016,3519.87324
68,EMU,2016,35163.47243
69,ERI,2016,
70,ESP,2016,26523.34822
71,EST,2016,18295.34293
72,ETH,2016,717.1248698
73,EUU,2016,31186.51062
74,FCS,2016,1762.810027
75,FIN,2016,43814.02651
76,FJI,2016,5651.272721
77,FRA,2016,37062.53357
78,FRO,2016,58224.80551
79,FSM,2016,3014.700358
80,GAB,2016,6984.419712
81,GBR,2016,41499.5557
82,GEO,2016,4062.169888
83,GHA,2016,1971.956935
84,GIB,2016,
85,GIN,2016,732.2915119
86,GMB,2016,690.7804932
87,GNB,2016,661.4578387
88,GNQ,2016,9250.316728
89,GRC,2016,17923.96681
90,GRD,2016,9628.259169
91,GRL,2016,48181.87419
92,GTM,2016,4173.301666
93,GUM,2016,36214.00692
94,GUY,2016,5811.397924
95,HIC,2016,40475.17746
96,HKG,2016,43733.91636
97,HND,2016,2342.584904
98,HPC,2016,987.1093103
99,HRV,2016,12527.73986
100,HTI,2016,1290.380508
101,HUN,2016,13107.37791
102,IBD,2016,5540.167966
103,IBT,2016,4493.836521
104,IDA,2016,1342.913778
105,IDB,2016,1861.940378
106,IDN,2016,3562.816334
107,IDX,2016,1080.258622
108,IMN,2016,82197.12677
109,IND,2016,1732.554242
110,INX,2016,
111,IRL,2016,62861.63912
112,IRN,2016,5755.802448
113,IRQ,2016,4550.658638
114,ISL,2016,61987.92636
115,ISR,2016,37330.2618
116,ITA,2016,30960.73151
117,JAM,2016,4843.7499
118,JOR,2016,4175.356602
119,JPN,2016,39375.47316
120,KAZ,2016,7714.841844
121,KEN,2016,1525.235192
122,KGZ,2016,1120.666513
123,KHM,2016,1269.591499
124,KIR,2016,1586.344978
125,KNA,2016,19542.16228
126,KOR,2016,29288.87044
127,KWT,2016,27653.15762
128,LAC,2016,7885.57463
129,LAO,2016,2324.400917
130,LBN,2016,7617.689634
131,LBR,2016,740.914906
132,LBY,2016,7687.882134
133,LCA,2016,10362.35158
134,LCN,2016,8350.020625
135,LDC,2016,1025.998979
136,LIC,2016,764.7048854
137,LIE,2016,165642.3863
138,LKA,2016,3886.291502
139,LMC,2016,2193.471208
140,LMY,2016,4349.147276
141,LSO,2016,1018.784872
142,LTE,2016,8179.070874
143,LTU,2016,15008.31324
144,LUX,2016,106899.2935
145,LVA,2016,14331.75159
146,MAC,2016,73545.75824
147,MAF,2016,
148,MAR,2016,2896.722168
149,MCO,2016,170028.6557
150,MDA,2016,2880.43529
151,MDG,2016,475.9555568
152,MDV,2016,9209.443564
153,MEA,2016,7307.448457
154,MEX,2016,8744.515559
155,MHL,2016,3490.998389
156,MIC,2016,4745.70858
157,MKD,2016,5149.589074
158,MLI,2016,780.7235497
159,MLT,2016,25624.53727
160,MMR,2016,1136.610627
161,MNA,2016,3962.898791
162,MNE,2016,7033.438006
163,MNG,2016,3658.3903
164,MNP,2016,21891.18479
165,MOZ,2016,428.9264503
166,MRT,2016,1536.855615
167,MUS,2016,9681.618567
168,MWI,2016,315.7779871
169,MYS,2016,9817.78709
170,NAC,2016,56312.43488
171,NAM,2016,4546.986688
172,NCL,2016,32391.20197
173,NER,2016,500.2149113
174,NGA,2016,2176.002772
175,NIC,2016,2107.57406
176,NLD,2016,46039.10593
177,NOR,2016,70460.56053
178,NPL,2016,899.523581
179,NRU,2016,9521.042101
180,NZL,2016,40058.19616
181,OED,2016,36037.76772
182,OMN,2016,16772.73921
183,OSS,2016,12385.43331
184,PAK,2016,1540.184503
185,PAN,2016,14343.98026
186,PER,2016,6204.996457
187,PHL,2016,3073.654686
188,PLW,2016,16835.986
189,PNG,2016,2509.629637
190,POL,2016,12447.43959
191,PRE,2016,1396.061296
192,PRI,2016,30627.1634
193,PRK,2016,
194,PRT,2016,19991.97249
195,PRY,2016,5324.609068
196,PSE,2016,3527.613824
197,PSS,2016,3965.895179
198,PST,2016,41401.37787
199,PYF,2016,20020.09386
200,QAT,2016,57162.96801
201,ROU,2016,9548.587403
202,RUS,2016,8704.898438
203,RWA,2016,744.7943858
204,SAS,2016,1696.739629
205,SAU,2016,19878.76817
206,SDN,2016,2583.447266
207,SEN,2016,1269.903294
208,SGP,2016,56860.41324
209,SLB,2016,2225.475204
210,SLE,2016,501.4151655
211,SLV,2016,3805.995686
212,SMR,2016,43828.23155
213,SOM,2016,389.8220615
214,SRB,2016,5765.200762
215,SSA,2016,1536.929331
216,SSD,2016,
217,SSF,2016,1538.244417
218,SST,2016,11348.57057
219,STP,2016,1700.097997
220,SUR,2016,5872.789429
221,SVK,2016,16512.29299
222,SVN,2016,21678.35947
223,SWE,2016,51965.15715
224,SWZ,2016,3425.531957
225,SXM,2016,31616.6817
226,SYC,2016,15740.11063
227,SYR,2016,713.029204
228,TCA,2016,28241.47929
229,TCD,2016,693.4497674
230,TEA,2016,6674.255578
231,TEC,2016,7677.406606
232,TGO,2016,803.1518934
233,THA,2016,5993.305516
234,TJK,2016,807.1025861
235,TKM,2016,6387.682575
236,TLA,2016,8185.147519
237,TLS,2016,1353.754934
238,TMN,2016,3968.09362
239,TON,2016,4157.877249
240,TSA,2016,1696.739629
241,TSS,2016,1538.244417
242,TTO,2016,16241.41096
243,TUN,2016,3924.349092
244,TUR,2016,10894.60338
245,TUV,2016,3706.329903
246,TZA,2016,966.5029907
247,UGA,2016,736.5598474
248,UKR,2016,2187.730469
249,UMC,2016,8041.062324
250,URY,2016,16715.63347
251,USA,2016,57866.74493
252,UZB,2016,2704.677188
253,VCT,2016,7438.792212
254,VEN,2016,
255,VGB,2016,
256,VIR,2016,35324.97489
257,VNM,2016,2745.565588
258,VUT,2016,2805.66532
259,WLD,2016,10286.41133
260,WSM,2016,4109.663296
261,XKX,2016,3759.560246
262,YEM,2016,1152.738019
263,ZAF,2016,5756.965741
264,ZMB,2016,1280.806543
265,ZWE,2016,1464.588957
266,ABW,2017,29348.41897
267,AFE,2017,1629.404273
268,AFG,2017,516.6798622
269,AFW,2017,1613.490478
270,AGO,2017,2313.220584
271,ALB,2017,4531.019374
272,AND,2017,38964.66201
273,ARB,2017,6272.949782
274,ARE,2017,40644.79119
275,ARG,2017,14613.04182
276,ARM,2017,3914.527854
277,ASM,2017,11003.82976
278,ATG,2017,15383.5764
279,AUS,2017,53934.25018
280,AUT,2017,47429.15846
281,AZE,2017,4147.089716
282,BDI,2017,250.5146007
283,BEL,2017,44198.48239
284,BEN,2017,1136.593872
285,BFA,2017,734.996268
286,BGD,2017,1839.583378
287,BGR,2017,8366.293221
288,BHR,2017,23742.93734
289,BHS,2017,32371.00818
290,BIH,2017,5394.26914
291,BLR,2017,5785.670673
292,BLZ,2017,4909.604664
293,BMU,2017,111820.5815
294,BOL,2017,3351.124344
295,BRA,2017,9928.675897
296,BRB,2017,17404.20747
297,BRN,2017,28571.60829
298,BTN,2017,3286.596744
299,BWA,2017,7296.092142
300,CAF,2017,450.900697
301,CAN,2017,45129.4293
302,CEB,2017,14254.7381
303,CHE,2017,83352.08865
304,CHI,2017,
305,CHL,2017,14962.55685
306,CHN,2017,8816.986905
307,CIV,2017,2111.026557
308,CMR,2017,1469.4475
309,COD,2017,467.0742317
310,COG,2017,2170.900563
311,COL,2017,6376.706716
312,COM,2017,1323.814843
313,CPV,2017,3292.633503
314,CRI,2017,12225.57449
315,CSS,2017,9915.744684
316,CUB,2017,8541.213686
317,CUW,2017,18788.80728
318,CYM,2017,81513.16283
319,CYP,2017,26608.875
320,CZE,2017,20636.19995
321,DEU,2017,44652.58917
322,DJI,2017,2926.153304
323,DMA,2017,7298.51458
324,DNK,2017,57610.09818
325,DOM,2017,7609.353275
326,DZA,2017,4109.698217
327,EAP,2017,7159.45138
328,EAR,2017,3521.381645
329,EAS,2017,10466.42427
330,ECA,2017,7889.016899
331,ECS,2017,23704.3284
332,ECU,2017,6213.503127
333,EGY,2017,2444.290387
334,EMU,2017,37154.48194
335,ERI,2017,
336,ESP,2017,28170.16786
337,EST,2017,20437.76538
338,ETH,2017,768.5230154
339,EUU,2017,33094.40835
340,FCS,2017,1825.738332
341,FIN,2017,46412.13648
342,FJI,2017,6101.02389
343,FRA,2017,38781.04949
344,FRO,2017,61455.05261
345,FSM,2017,3289.642117
346,GAB,2017,7230.434912
347,GBR,2017,40857.75558
348,GEO,2017,4357.000936
349,GHA,2017,2074.290733
350,GIB,2017,
351,GIN,2017,855.5752706
352,GMB,2017,679.7550717
353,GNB,2017,738.5499449
354,GNQ,2017,9667.856962
355,GRC,2017,18582.08934
356,GRD,2017,10152.83281
357,GRL,2017,50766.59942
358,GTM,2017,4454.04815
359,GUM,2017,36601.91988
360,GUY,2017,6124.95367
361,HIC,2017,42118.2044
362,HKG,2017,46160.42979
363,HND,2017,2453.727115
364,HPC,2017,1065.40861
365,HRV,2017,13629.28959
366,HTI,2017,1369.063734
367,HUN,2017,14623.69665
368,IBD,2017,6058.914633
369,IBT,2017,4879.042932
370,IDA,2017,1372.988159
371,IDB,2017,1787.801592
372,IDN,2017,3837.578024
373,IDX,2017,1162.971829
374,IMN,2017,83477.83429
375,IND,2017,1980.66702
376,INX,2017,
377,IRL,2017,69774.02897
378,IRN,2017,6032.065127
379,IRQ,2017,4985.452879
380,ISL,2017,72010.14903
381,ISR,2017,40774.12961
382,ITA,2017,32406.72032
383,JAM,2017,5070.099503
384,JOR,2017,4231.51828
385,JPN,2017,38834.05293
386,KAZ,2017,9247.581331
387,KEN,2017,1633.491216
388,KGZ,2017,1242.769643
389,KHM,2017,1385.260066
390,KIR,2017,1648.594957
391,KNA,2017,20382.77987
392,KOR,2017,31616.8434
393,KWT,2017,29759.46747
394,LAC,2017,8699.475686
395,LAO,2017,2455.211559
396,LBN,2017,7776.034642
397,LBR,2017,721.085044
398,LBY,2017,10205.32483
399,LCA,2017,11034.62983
400,LCN,2017,9188.579683
401,LDC,2017,1119.433811
402,LIC,2017,834.4908817
403,LIE,2017,171253.9643
404,LKA,2017,4077.043841
405,LMC,2017,2322.906883
406,LMY,2017,4718.39202
407,LSO,2017,1102.629728
408,LTE,2017,9018.161029
409,LTU,2017,16885.40739
410,LUX,2017,110193.2138
411,LVA,2017,15695.11515
412,MAC,2017,81019.47377
413,MAF,2017,
414,MAR,2017,3035.454346
415,MCO,2017,167517.0597
416,MDA,2017,3509.686829
417,MDG,2017,515.2933234
418,MDV,2017,9577.346946
419,MEA,2017,7469.549834
420,MEX,2017,9287.849587
421,MHL,2017,3672.576783
422,MIC,2017,5154.4311
423,MKD,2017,5450.492881
424,MLI,2017,830.0214445
425,MLT,2017,28857.01987
426,MMR,2017,1151.114464
427,MNA,2017,3864.148677
428,MNE,2017,7803.362579
429,MNG,2017,3687.100003
430,MNP,2017,27584.74351
431,MOZ,2017,461.4149278
432,MRT,2017,1587.858904
433,MUS,2017,10484.90836
434,MWI,2017,506.1372944
435,MYS,2017,10259.30481
436,NAC,2017,58430.1986
437,NAM,2017,5367.114674
438,NCL,2017,33976.54853
439,NER,2017,517.7715723
440,NGA,2017,1968.565398
441,NIC,2017,2159.161926
442,NLD,2017,48675.22234
443,NOR,2017,75496.75406
444,NPL,2017,1048.453755
445,NRU,2017,10339.38548
446,NZL,2017,42924.9956
447,OED,2017,37377.57018
448,OMN,2017,17329.18546
449,OSS,2017,13215.42974
450,PAK,2017,1631.531909
451,PAN,2017,15146.40851
452,PER,2017,6710.507602
453,PHL,2017,3123.245642
454,PLW,2017,16019.98989
455,PNG,2017,2695.249009
456,POL,2017,13864.68176
457,PRE,2017,1446.507196
458,PRI,2017,31108.76057
459,PRK,2017,
460,PRT,2017,21490.42986
461,PRY,2017,5678.869972
462,PSE,2017,3620.360487
463,PSS,2017,4222.557375
464,PST,2017,42995.85935
465,PYF,2017,21127.06433
466,QAT,2017,59124.86727
467,ROU,2017,10807.00917
468,RUS,2017,10720.33301
469,RWA,2017,772.2948846
470,SAS,2017,1911.329754
471,SAU,2017,20802.46179
472,SDN,2017,3178.314209
473,SEN,2017,1361.701972
474,SGP,2017,61150.7272
475,SLB,2017,2332.898555
476,SLE,2017,496.6822949
477,SLV,2017,3910.254403
478,SMR,2017,45399.02898
479,SOM,2017,384.4634014
480,SRB,2017,6292.543629
481,SSA,2017,1621.632341
482,SSD,2017,
483,SSF,2017,1622.982614
484,SST,2017,12064.64049
485,STP,2017,1813.807434
486,SUR,2017,6295.560562
487,SVK,2017,17538.04858
488,SVN,2017,23514.02546
489,SWE,2017,53791.50873
490,SWZ,2017,3914.418484
491,SXM,2017,29369.05683
492,SYC,2017,16416.72607
493,SYR,2017,955.836559
494,TCA,2017,27545.12879
495,TCD,2017,665.9488849
496,TEA,2017,7238.969962
497,TEC,2017,8562.533645
498,TGO,2017,830.7452767
499,THA,2017,6593.818352
500,TJK,2017,848.6723799
501,TKM,2017,6587.092604
502,TLA,2017,9037.781171
503,TLS,2017,1299.494635
504,TMN,2017,3867.06706
505,TON,2017,4513.432531
506,TSA,2017,1911.329754
507,TSS,2017,1622.982614
508,TTO,2017,16747.9067
509,TUN,2017,3687.780316
510,TUR,2017,10589.66772
511,TUV,2017,3978.676452
512,TZA,2017,1004.906616
513,UGA,2017,746.8307529
514,UKR,2017,2638.326172
515,UMC,2017,8834.526226
516,URY,2017,18690.89384
517,USA,2017,59914.7778
518,UZB,2017,1916.764642
519,VCT,2017,7717.846546
520,VEN,2017,
521,VGB,2017,
522,VIR,2017,35365.0693
523,VNM,2017,2974.117229
524,VUT,2017,3082.540055
525,WLD,2017,10825.90237
526,WSM,2017,4258.978675
527,XKX,2017,4009.380987
528,YEM,2017,964.3403436
529,ZAF,2017,6690.939847
530,ZMB,2017,1535.196574
531,ZWE,2017,1235.189032
532,ABW,2018,30253.71423
533,AFE,2018,1541.031661
534,AFG,2018,485.6684187
535,AFW,2018,1704.135698
536,AGO,2018,2524.942483
537,ALB,2018,5287.663694
538,AND,2018,41793.31884
539,ARB,2018,6635.381394
540,ARE,2018,43839.32449
541,ARG,2018,11795.15939
542,ARM,2018,4220.540321
543,ASM,2018,11521.60978
544,ATG,2018,16679.59166
545,AUS,2018,57180.7794
546,AUT,2018,51486.5755
547,AZE,2018,4739.84171
548,BDI,2018,238.0343096
549,BEL,2018,47549.20805
550,BEN,2018,1241.825298
551,BFA,2018,804.5005378
552,BGD,2018,1991.483267
553,BGR,2018,9446.700772
554,BHR,2018,24086.30169
555,BHS,2018,33077.39183
556,BIH,2018,6070.35298
557,BLR,2018,6360.062473
558,BLZ,2018,4927.194224
559,BMU,2018,113050.7369
560,BOL,2018,3548.59078
561,BRA,2018,9151.381732
562,BRB,2018,17782.87473
563,BRN,2018,31628.47626
564,BTN,2018,3243.477437
565,BWA,2018,7503.878588
566,CAF,2018,475.9538139
567,CAN,2018,46548.63841
568,CEB,2018,16047.2797
569,CHE,2018,86388.40495
570,CHI,2018,
571,CHL,2018,15772.33348
572,CHN,2018,9905.342004
573,CIV,2018,2314.050958
574,CMR,2018,1585.240534
575,COD,2018,565.8295429
576,COG,2018,2606.615526
577,COL,2018,6729.583332
578,COM,2018,1428.290463
579,CPV,2018,3616.460666
580,CRI,2018,12485.4239
581,CSS,2018,10250.29173
582,CUB,2018,8824.194008
583,CUW,2018,18956.09791
584,CYM,2018,86180.53969
585,CYP,2018,29334.11133
586,CZE,2018,23419.73561
587,DEU,2018,47973.60762
588,DJI,2018,3038.269738
589,DMA,2018,7745.376963
590,DNK,2018,61591.92887
591,DOM,2018,8050.644076
592,DZA,2018,4142.018558
593,EAP,2018,7954.762525
594,EAR,2018,3509.754222
595,EAS,2018,11324.00488
596,ECA,2018,8008.257108
597,ECS,2018,25297.67986
598,ECU,2018,6295.934662
599,EGY,2018,2537.125185
600,EMU,2018,40059.18248
601,ERI,2018,
602,ESP,2018,30364.57994
603,EST,2018,23063.56382
604,ETH,2018,771.5248663
605,EUU,2018,35753.36685
606,FCS,2018,1826.833266
607,FIN,2018,49988.91085
608,FJI,2018,6317.413723
609,FRA,2018,41592.7959
610,FRO,2018,65572.60753
611,FSM,2018,3568.291016
612,GAB,2018,7959.007267
613,GBR,2018,43646.95197
614,GEO,2018,4722.042423
615,GHA,2018,2260.860567
616,GIB,2018,
617,GIN,2018,955.1112811
618,GMB,2018,732.7207273
619,GNB,2018,802.7673851
620,GNQ,2018,10005.61604
621,GRC,2018,19756.99046
622,GRD,2018,10466.88221
623,GRL,2018,54545.29998
624,GTM,2018,4478.424646
625,GUM,2018,36556.67491
626,GUY,2018,6145.819277
627,HIC,2018,44571.43358
628,HKG,2018,48537.56689
629,HND,2018,2510.322943
630,HPC,2018,987.1739045
631,HRV,2018,15227.5601
632,HTI,2018,1479.345827
633,HUN,2018,16427.37276
634,IBD,2018,6387.748819
635,IBT,2018,5110.911271
636,IDA,2018,1369.260457
637,IDB,2018,1835.321807
638,IDN,2018,3893.859578
639,IDX,2018,1133.259641
640,IMN,2018,89112.66772
641,IND,2018,1998.259076
642,INX,2018,
643,IRL,2018,79107.60499
644,IRN,2018,4046.341864
645,IRQ,2018,5915.850854
646,ISL,2018,74469.80406
647,ISR,2018,42063.45313
648,ITA,2018,34622.16967
649,JAM,2018,5359.993789
650,JOR,2018,4308.151074
651,JPN,2018,39727.1166
652,KAZ,2018,9812.626371
653,KEN,2018,1794.091175
654,KGZ,2018,1308.140165
655,KHM,2018,1512.126989
656,KIR,2018,1693.950155
657,KNA,2018,20567.25826
658,KOR,2018,33436.92306
659,KWT,2018,33399.06048
660,LAC,2018,8357.124704
661,LAO,2018,2569.093892
662,LBN,2018,8003.827612
663,LBR,2018,710.2659984
664,LBY,2018,11482.13364
665,LCA,2018,11353.71523
666,LCN,2018,8902.399152
667,LDC,2018,1077.493342
668,LIC,2018,699.4114352
669,LIE,2018,176499.4026
670,LKA,2018,4059.20823
671,LMC,2018,2335.303125
672,LMY,2018,4933.697969
673,LSO,2018,1192.48432
674,LTE,2018,9832.141379
675,LTU,2018,19186.18128
676,LUX,2018,117254.7404
677,LVA,2018,17865.03109
678,MAC,2018,87526.07999
679,MAF,2018,
680,MAR,2018,3226.98291
681,MCO,2018,185978.6093
682,MDA,2018,4230.626969
683,MDG,2018,518.401123
684,MDV,2018,10279.07998
685,MEA,2018,7704.420769
686,MEX,2018,9686.984927
687,MHL,2018,3793.550983
688,MIC,2018,5415.611006
689,MKD,2018,6108.740108
690,MLI,2018,894.8048435
691,MLT,2018,31573.11656
692,MMR,2018,1250.173685
693,MNA,2018,3604.925763
694,MNE,2018,8850.378404
695,MNG,2018,4156.84697
696,MNP,2018,22886.67405
697,MOZ,2018,503.3020092
698,MRT,2018,1669.773476
699,MUS,2018,11208.34382
700,MWI,2018,544.5934593
701,MYS,2018,11380.07922
702,NAC,2018,61158.56356
703,NAM,2018,5588.392864
704,NCL,2018,36382.49553
705,NER,2018,570.723922
706,NGA,2018,2027.778549
707,NIC,2018,2014.575189
708,NLD,2018,53044.53244
709,NOR,2018,82267.80932
710,NPL,2018,1178.525957
711,NRU,2018,11614.66508
712,NZL,2018,43250.44097
713,OED,2018,39306.7924
714,OMN,2018,18947.3665
715,OSS,2018,14368.92697
716,PAK,2018,1678.04315
717,PAN,2018,15544.99908
718,PER,2018,6958.497262
719,PHL,2018,3252.110274
720,PLW,2018,15895.2599
721,PNG,2018,2801.371393
722,POL,2018,15468.48222
723,PRE,2018,1438.529516
724,PRI,2018,31604.70151
725,PRK,2018,
726,PRT,2018,23562.55452
727,PRY,2018,5782.78455
728,PSE,2018,3562.330943
729,PSS,2018,4340.564704
730,PST,2018,45413.55092
731,PYF,2018,22094.75746
732,QAT,2018,65907.94843
733,ROU,2018,12398.98198
734,RUS,2018,11287.36035
735,RWA,2018,783.8127901
736,SAS,2018,1944.006635
737,SAU,2018,24228.83904
738,SDN,2018,773.5070801
739,SEN,2018,1458.081584
740,SGP,2018,66859.33834
741,SLB,2018,2411.897904
742,SLE,2018,533.9915333
743,SLV,2018,4052.624775
744,SMR,2018,48996.59299
745,SOM,2018,389.8313955
746,SRB,2018,7252.401858
747,SSA,2018,1605.490023
748,SSD,2018,
749,SSF,2018,1606.863419
750,SST,2018,13015.08585
751,STP,2018,1953.513257
752,SUR,2018,6938.086981
753,SVK,2018,19389.98216
754,SVN,2018,26116.85636
755,SWE,2018,54589.06039
756,SWZ,2018,4107.094431
757,SXM,2018,28988.25921
758,SYC,2018,16910.66792
759,SYR,2018,1265.60619
760,TCA,2018,29553.1367
761,TCD,2018,726.1510071
762,TEA,2018,8042.948352
763,TEC,2018,8876.157251
764,TGO,2018,901.5230169
765,THA,2018,7298.947146
766,TJK,2018,853.2188734
767,TKM,2018,6967.375043
768,TLA,2018,8740.515234
769,TLS,2018,1249.138351
770,TMN,2018,3605.440104
771,TON,2018,4740.700272
772,TSA,2018,1944.006635
773,TSS,2018,1606.863419
774,TTO,2018,17139.18567
775,TUN,2018,3690.896932
776,TUR,2018,9454.348443
777,TUV,2018,4156.305128
778,TZA,2018,1042.838745
779,UGA,2018,770.6007843
780,UKR,2018,3096.561768
781,UMC,2018,9448.634854
782,URY,2018,18703.86029
783,USA,2018,62805.25376
784,UZB,2018,1597.068337
785,VCT,2018,8024.028496
786,VEN,2018,
787,VGB,2018,
788,VIR,2018,36653.86305
789,VNM,2018,3230.927713
790,VUT,2018,3125.436014
791,WLD,2018,11366.07367
792,WSM,2018,4187.504787
793,XKX,2018,4384.048892
794,YEM,2018,758.1459489
795,ZAF,2018,7005.095413
796,ZMB,2018,1516.368371
797,ZWE,2018,1254.642265
798,ABW,2019,31135.88436
799,AFE,2019,1511.309259
800,AFG,2019,494.1793499
801,AFW,2019,1777.852822
802,AGO,2019,2177.799015
803,ALB,2019,5396.215864
804,AND,2019,40898.41791
805,ARB,2019,6562.969998
806,ARE,2019,42701.44305
807,ARG,2019,10076.35524
808,ARM,2019,4604.646324
809,ASM,2019,11715.36014
810,ATG,2019,17376.64968
811,AUS,2019,54875.28596
812,AUT,2019,50114.40111
813,AZE,2019,4805.753718
814,BDI,2019,223.8628757
815,BEL,2019,46599.11134
816,BEN,2019,1219.515506
817,BFA,2019,796.1152068
818,BGD,2019,2154.226819
819,BGR,2019,9879.268533
820,BHR,2019,23552.37995
821,BHS,2019,33872.33431
822,BIH,2019,6119.762351
823,BLR,2019,6837.717826
824,BLZ,2019,4983.336114
825,BMU,2019,116153.1661
826,BOL,2019,3552.068144
827,BRA,2019,8876.059836
828,BRB,2019,18480.05659
829,BRN,2019,31085.96193
830,BTN,2019,3322.863329
831,BWA,2019,7247.429476
832,CAF,2019,468.1175148
833,CAN,2019,46328.67184
834,CEB,2019,16346.56181
835,CHE,2019,85334.51946
836,CHI,2019,
837,CHL,2019,14699.46278
838,CHN,2019,10143.8382
839,CIV,2019,2276.332394
840,CMR,2019,1533.095688
841,COD,2019,596.5605701
842,COG,2019,2369.729441
843,COL,2019,6418.615783
844,COM,2019,1404.433187
845,CPV,2019,3603.775241
846,CRI,2019,12762.13801
847,CSS,2019,10406.67071
848,CUB,2019,9125.878679
849,CUW,2019,19024.17723
850,CYM,2019,91513.04267
851,CYP,2019,29206.07617
852,CZE,2019,23660.14881
853,DEU,2019,46794.89929
854,DJI,2019,3172.750685
855,DMA,2019,8516.280039
856,DNK,2019,59775.7351
857,DOM,2019,8282.117131
858,DZA,2019,3989.668276
859,EAP,2019,8177.838
860,EAR,2019,3538.833413
861,EAS,2019,11494.09153
862,ECA,2019,8136.751834
863,ECS,2019,24914.60337
864,ECU,2019,6222.524653
865,EGY,2019,3019.092283
866,EMU,2019,39195.77483
867,ERI,2019,
868,ESP,2019,29554.49052
869,EST,2019,23397.87826
870,ETH,2019,855.7608852
871,EUU,2019,35089.28279
872,FCS,2019,1905.700418
873,FIN,2019,48628.64176
874,FJI,2019,6175.890653
875,FRA,2019,40578.64429
876,FRO,2019,67153.68194
877,FSM,2019,3624.249092
878,GAB,2019,7766.996554
879,GBR,2019,43070.49836
880,GEO,2019,4696.150586
881,GHA,2019,2246.625578
882,GIB,2019,
883,GIN,2019,1052.588091
884,GMB,2019,772.5055883
885,GNB,2019,749.453747
886,GNQ,2019,8380.741122
887,GRC,2019,19133.75776
888,GRD,2019,10834.49568
889,GRL,2019,53256.24409
890,GTM,2019,4638.634943
891,GUM,2019,38040.58699
892,GUY,2019,6609.51128
893,HIC,2019,44774.77502
894,HKG,2019,48356.0635
895,HND,2019,2574.356751
896,HPC,2019,994.8982809
897,HRV,2019,15311.7669
898,HTI,2019,1312.770636
899,HUN,2019,16735.65978
900,IBD,2019,6473.782551
901,IBT,2019,5168.837517
902,IDA,2019,1399.11567
903,IDB,2019,1852.219116
904,IDN,2019,4135.233344
905,IDX,2019,1169.69953
906,IMN,2019,86481.55259
907,IND,2019,2072.244897
908,INX,2019,
909,IRL,2019,80886.61574
910,IRN,2019,3514.042168
911,IRQ,2019,5943.458455
912,ISL,2019,68941.46223
913,ISR,2019,43951.24773
914,ITA,2019,33673.47545
915,JAM,2019,5369.498371
916,JOR,2019,4405.487109
917,JPN,2019,40458.00188
918,KAZ,2019,9812.595808
919,KEN,2019,1909.304537
920,KGZ,2019,1374.032105
921,KHM,2019,1643.121389
922,KIR,2019,1512.95277
923,KNA,2019,22047.88303
924,KOR,2019,31902.4169
925,KWT,2019,32373.25111
926,LAC,2019,8165.360565
927,LAO,2019,2613.944427
928,LBN,2019,7527.44306
929,LBR,2019,672.3404992
930,LBY,2019,10218.04303
931,LCA,2019,11591.08044
932,LCN,2019,8699.460717
933,LDC,2019,1105.717065
934,LIC,2019,720.474279
935,LIE,2019,169049.1569
936,LKA,2019,3848.212376
937,LMC,2019,2411.334922
938,LMY,2019,4993.619381
939,LSO,2019,1153.388058
940,LTE,2019,9974.505915
941,LTU,2019,19575.76848
942,LUX,2019,113218.7133
943,LVA,2019,17926.84159
944,MAC,2019,86197.36569
945,MAF,2019,
946,MAR,2019,3235.000732
947,MCO,2019,189487.1471
948,MDA,2019,4492.10574
949,MDG,2019,526.2245722
950,MDV,2019,10561.61351
951,MEA,2019,7587.355596
952,MEX,2019,9950.217622
953,MHL,2019,4073.10983
954,MIC,2019,5487.844058
955,MKD,2019,6070.388054
956,MLI,2019,879.0431675
957,MLT,2019,31185.64962
958,MMR,2019,1271.111536
959,MNA,2019,3574.162674
960,MNE,2019,8909.890151
961,MNG,2019,4404.84583
962,MNP,2019,20659.64029
963,MOZ,2019,506.8171391
964,MRT,2019,1743.301317
965,MUS,2019,11097.16898
966,MWI,2019,591.8470837
967,MYS,2019,11432.82603
968,NAC,2019,63175.74013
969,NAM,2019,5028.295342
970,NCL,2019,34788.54031
971,NER,2019,554.0993893
972,NGA,2019,2229.858652
973,NIC,2019,1924.471816
974,NLD,2019,52476.27325
975,NOR,2019,75719.7529
976,NPL,2019,1194.957236
977,NRU,2019,11029.73558
978,NZL,2019,42865.23364
979,OED,2019,39478.31197
980,OMN,2019,17700.70349
981,OSS,2019,13799.29553
982,PAK,2019,1481.813864
983,PAN,2019,15774.25495
984,PER,2019,7023.077526
985,PHL,2019,3485.340844
986,PLW,2019,15232.48708
987,PNG,2019,2820.306397
988,POL,2019,15732.20313
989,PRE,2019,1474.823822
990,PRI,2019,32850.54861
991,PRK,2019,
992,PRT,2019,23330.81729
993,PRY,2019,5383.574422
994,PSE,2019,3656.858271
995,PSS,2019,4271.583766
996,PST,2019,45728.10123
997,PYF,2019,21512.2733
998,QAT,2019,62087.97413
999,ROU,2019,12899.34611
1000,RUS,2019,11536.25098
1001,RWA,2019,820.1772393
1002,SAS,2019,1987.56834
1003,SAU,2019,23450.56202
1004,SDN,2019,755.3289795
1005,SEN,2019,1435.830367
1006,SGP,2019,65831.18943
1007,SLB,2019,2344.048976
1008,SLE,2019,521.7548367
1009,SLV,2019,4167.730939
1010,SMR,2019,47727.13489
1011,SOM,2019,419.3948077
1012,SRB,2019,7417.203649
1013,SSA,2019,1617.541932
1014,SSD,2019,
1015,SSF,2019,1618.920771
1016,SST,2019,12615.13255
1017,STP,2019,1987.579702
1018,SUR,2019,6853.693411
1019,SVK,2019,19303.54566
1020,SVN,2019,25942.95477
1021,SWE,2019,51939.42974
1022,SWZ,2019,3889.851226
1023,SXM,2019,
1024,SYC,2019,17252.02078
1025,SYR,2019,
1026,TCA,2019,31350.86663
1027,TCD,2019,709.5400432
1028,TEA,2019,8268.375718
1029,TEC,2019,9026.080646
1030,TGO,2019,893.3524541
1031,THA,2019,7814.384431
1032,TJK,2019,890.5444024
1033,TKM,2019,7612.03518
1034,TLA,2019,8519.254425
1035,TLS,2019,1583.713576
1036,TMN,2019,3573.155702
1037,TON,2019,4903.012138
1038,TSA,2019,1987.56834
1039,TSS,2019,1618.920771
1040,TTO,2019,17123.11629
1041,TUN,2019,3571.945048
1042,TUR,2019,9121.515167
1043,TUV,2019,4652.350846
1044,TZA,2019,1085.884888
1045,UGA,2019,798.5857341
1046,UKR,2019,3661.456299
1047,UMC,2019,9548.200238
1048,URY,2019,17688.01501
1049,USA,2019,65094.79943
1050,UZB,2019,1784.009816
1051,VCT,2019,8229.722486
1052,VEN,2019,
1053,VGB,2019,
1054,VIR,2019,38596.03071
1055,VNM,2019,3425.089253
1056,VUT,2019,3122.982599
1057,WLD,2019,11407.47933
1058,WSM,2019,4322.868416
1059,XKX,2019,4416.108358
1060,YEM,2019,750.5545834
1061,ZAF,2019,6624.761865
1062,ZMB,2019,1305.001031
1063,ZWE,2019,1316.740657
