,Country Code,Year,Population
0,ABW,2016,104865.0
1,AFE,2016,609978946.0
2,AFG,2016,35383028.0
3,AFW,2016,412551299.0
4,AGO,2016,28842482.0
5,ALB,2016,2876101.0
6,AND,2016,77295.0
7,ARB,2016,404042892.0
8,ARE,2016,9360975.0
9,ARG,2016,43590368.0
10,ARM,2016,2936147.0
11,ASM,2016,55739.0
12,ATG,2016,94520.0
13,AUS,2016,24190907.0
14,AUT,2016,8736668.0
15,AZE,2016,9757812.0
16,BDI,2016,10488002.0
17,BEL,2016,11331422.0
18,BEN,2016,10872072.0
19,BFA,2016,18646350.0
20,BGD,2016,157977151.0
21,BGR,2016,7127822.0
22,BHR,2016,1425793.0
23,BHS,2016,377923.0
24,BIH,2016,3386263.0
25,BLR,2016,9469379.0
26,BLZ,2016,368399.0
27,BMU,2016,64554.0
28,BOL,2016,11031822.0
29,BRA,2016,206163056.0
30,BRB,2016,285798.0
31,BRN,2016,419791.0
32,BTN,2016,736706.0
33,BWA,2016,2159925.0
34,CAF,2016,4537683.0
35,CAN,2016,36109487.0
36,CEB,2016,102994278.0
37,CHE,2016,8373338.0
38,CHI,2016,166922.0
39,CHL,2016,18209072.0
40,CHN,2016,1387790000.0
41,CIV,2016,23822726.0
42,CMR,2016,23926549.0
43,COD,2016,78789130.0
44,COG,2016,4980996.0
45,COL,2016,48175048.0
46,COM,2016,795597.0
47,CPV,2016,531140.0
48,CRI,2016,4899336.0
49,CSS,2016,7269385.0
50,CUB,2016,11335108.0
51,CUW,2016,159664.0
52,CYM,2016,62564.0
53,CYP,2016,1170189.0
54,CZE,2016,10566332.0
55,DEU,2016,82348669.0
56,DJI,2016,929117.0
57,DMA,2016,71307.0
58,DNK,2016,5728010.0
59,DOM,2016,10397738.0
60,DZA,2016,40551398.0
61,EAP,2016,2062250022.0
62,EAR,2016,3164439749.0
63,EAS,2016,2307707227.0
64,ECA,2016,392836210.0
65,ECS,2016,910870489.0
66,ECU,2016,16491116.0
67,EGY,2016,94447071.0
68,EMU,2016,340481755.0
69,ERI,2016,
70,ESP,2016,46484062.0
71,EST,2016,1315790.0
72,ETH,2016,103603461.0
73,EUU,2016,445487730.0
74,FCS,2016,881938038.0
75,FIN,2016,5495303.0
76,FJI,2016,872406.0
77,FRA,2016,66724104.0
78,FRO,2016,48173.0
79,FSM,2016,110215.0
80,GAB,2016,2007882.0
81,GBR,2016,65611593.0
82,GEO,2016,3727505.0
83,GHA,2016,28481947.0
84,GIB,2016,33738.0
85,GIN,2016,11738434.0
86,GMB,2016,2149134.0
87,GNB,2016,1782434.0
88,GNQ,2016,1215181.0
89,GRC,2016,10775971.0
90,GRD,2016,110263.0
91,GRL,2016,56186.0
92,GTM,2016,15827690.0
93,GUM,2016,162948.0
94,GUY,2016,771363.0
95,HIC,2016,1217994923.0
96,HKG,2016,7336600.0
97,HND,2016,9270794.0
98,HPC,2016,738387077.0
99,HRV,2016,4174349.0
100,HTI,2016,10839976.0
101,HUN,2016,9814023.0
102,IBD,2016,4701907494.0
103,IBT,2016,6263736146.0
104,IDA,2016,1561828652.0
105,IDB,2016,524794580.0
106,IDN,2016,261556386.0
107,IDX,2016,1037034072.0
108,IMN,2016,83296.0
109,IND,2016,1324517250.0
110,INX,2016,
111,IRL,2016,4755335.0
112,IRN,2016,79563991.0
113,IRQ,2016,36610632.0
114,ISL,2016,335439.0
115,ISR,2016,8546000.0
116,ITA,2016,60627498.0
117,JAM,2016,2906242.0
118,JOR,2016,9554286.0
119,JPN,2016,127076000.0
120,KAZ,2016,17794055.0
121,KEN,2016,49051531.0
122,KGZ,2016,6079500.0
123,KHM,2016,15766290.0
124,KIR,2016,112529.0
125,KNA,2016,51629.0
126,KOR,2016,51217803.0
127,KWT,2016,3956862.0
128,LAC,2016,566801404.0
129,LAO,2016,6845848.0
130,LBN,2016,6714281.0
131,LBR,2016,4586788.0
132,LBY,2016,6492160.0
133,LCA,2016,180028.0
134,LCN,2016,628493594.0
135,LDC,2016,963241392.0
136,LIC,2016,615653729.0
137,LIE,2016,37655.0
138,LKA,2016,21203000.0
139,LMC,2016,3139004988.0
140,LMY,2016,6185804647.0
141,LSO,2016,2075041.0
142,LTE,2016,2270527108.0
143,LTU,2016,2868231.0
144,LUX,2016,582014.0
145,LVA,2016,1959537.0
146,MAC,2016,612824.0
147,MAF,2016,36061.0
148,MAR,2016,35126274.0
149,MCO,2016,38070.0
150,MDA,2016,2802170.0
151,MDG,2016,24894370.0
152,MDV,2016,475505.0
153,MEA,2016,433616042.0
154,MEX,2016,123333379.0
155,MHL,2016,57723.0
156,MIC,2016,5570150918.0
157,MKD,2016,2072490.0
158,MLI,2016,17965448.0
159,MLT,2016,455356.0
160,MMR,2016,53045199.0
161,MNA,2016,370294017.0
162,MNE,2016,622303.0
163,MNG,2016,3056358.0
164,MNP,2016,56187.0
165,MOZ,2016,27829930.0
166,MRT,2016,4163532.0
167,MUS,2016,1263473.0
168,MWI,2016,17205253.0
169,MYS,2016,30684652.0
170,NAC,2016,359245796.0
171,NAM,2016,2358044.0
172,NCL,2016,269350.0
173,NER,2016,20788789.0
174,NGA,2016,185960244.0
175,NIC,2016,6303970.0
176,NLD,2016,17030314.0
177,NOR,2016,5234519.0
178,NPL,2016,27263430.0
179,NRU,2016,10474.0
180,NZL,2016,4714100.0
181,OED,2016,1341783391.0
182,OMN,2016,4479217.0
183,OSS,2016,29542903.0
184,PAK,2016,203631356.0
185,PAN,2016,4037073.0
186,PER,2016,30926036.0
187,PHL,2016,103663812.0
188,PLW,2016,17718.0
189,PNG,2016,8271766.0
190,POL,2016,37970087.0
191,PRE,2016,869943573.0
192,PRI,2016,3406672.0
193,PRK,2016,25307665.0
194,PRT,2016,10325452.0
195,PRY,2016,6777878.0
196,PSE,2016,4367088.0
197,PSS,2016,2385744.0
198,PST,2016,1101915677.0
199,PYF,2016,274576.0
200,QAT,2016,2654379.0
201,ROU,2016,19702267.0
202,RUS,2016,144342397.0
203,RWA,2016,11668829.0
204,SAS,2016,1771187426.0
205,SAU,2016,32443443.0
206,SDN,2016,39847433.0
207,SEN,2016,14993514.0
208,SGP,2016,5607283.0
209,SLB,2016,619438.0
210,SLE,2016,7328846.0
211,SLV,2016,6356137.0
212,SMR,2016,33503.0
213,SOM,2016,14185635.0
214,SRB,2016,7058322.0
215,SSA,2016,1022435568.0
216,SSD,2016,10832520.0
217,SSF,2016,1022530245.0
218,SST,2016,39198032.0
219,STP,2016,203221.0
220,SUR,2016,564883.0
221,SVK,2016,5430798.0
222,SVN,2016,2065042.0
223,SWE,2016,9923085.0
224,SWZ,2016,1113994.0
225,SXM,2016,39969.0
226,SYC,2016,94677.0
227,SYR,2016,17465567.0
228,TCA,2016,36558.0
229,TCD,2016,14561658.0
230,TEA,2016,2036897092.0
231,TEC,2016,454682913.0
232,TGO,2016,7509952.0
233,THA,2016,68971313.0
234,TJK,2016,8663575.0
235,TKM,2016,5662371.0
236,TLA,2016,612511541.0
237,TLS,2016,1219289.0
238,TMN,2016,365926929.0
239,TON,2016,101143.0
240,TSA,2016,1771187426.0
241,TSS,2016,1022530245.0
242,TTO,2016,1377563.0
243,TUN,2016,11303942.0
244,TUR,2016,79827868.0
245,TUV,2016,11232.0
246,TZA,2016,53049231.0
247,UGA,2016,39649173.0
248,UKR,2016,45004673.0
249,UMC,2016,2431145930.0
250,URY,2016,3424139.0
251,USA,2016,323071755.0
252,UZB,2016,31847900.0
253,VCT,2016,109467.0
254,VEN,2016,29851249.0
255,VGB,2016,29355.0
256,VIR,2016,107516.0
257,VNM,2016,93640435.0
258,VUT,2016,278326.0
259,WLD,2016,7433650819.0
260,WSM,2016,194540.0
261,XKX,2016,1777557.0
262,YEM,2016,27168210.0
263,ZAF,2016,56207649.0
264,ZMB,2016,16363449.0
265,ZWE,2016,14030338.0
266,ABW,2017,105361.0
267,AFE,2017,626392880.0
268,AFG,2017,36296111.0
269,AFW,2017,423769930.0
270,AGO,2017,29816769.0
271,ALB,2017,2873457.0
272,AND,2017,76997.0
273,ARB,2017,411942825.0
274,ARE,2017,9487206.0
275,ARG,2017,44044811.0
276,ARM,2017,2944789.0
277,ASM,2017,55617.0
278,ATG,2017,95425.0
279,AUS,2017,24601860.0
280,AUT,2017,8797566.0
281,AZE,2017,9854033.0
282,BDI,2017,10827010.0
283,BEL,2017,11375158.0
284,BEN,2017,11175192.0
285,BFA,2017,19193236.0
286,BGD,2017,159685421.0
287,BGR,2017,7075947.0
288,BHR,2017,1494077.0
289,BHS,2017,381749.0
290,BIH,2017,3351534.0
291,BLR,2017,9458989.0
292,BLZ,2017,375775.0
293,BMU,2017,63873.0
294,BOL,2017,11192853.0
295,BRA,2017,207833825.0
296,BRB,2017,286229.0
297,BRN,2017,424481.0
298,BTN,2017,745563.0
299,BWA,2017,2205076.0
300,CAF,2017,4596023.0
301,CAN,2017,36545236.0
302,CEB,2017,102740078.0
303,CHE,2017,8451840.0
304,CHI,2017,168666.0
305,CHL,2017,18470435.0
306,CHN,2017,1396215000.0
307,CIV,2017,24437475.0
308,CMR,2017,24566070.0
309,COD,2017,81398765.0
310,COG,2017,5110701.0
311,COL,2017,48909844.0
312,COM,2017,813890.0
313,CPV,2017,537499.0
314,CRI,2017,4949955.0
315,CSS,2017,7314956.0
316,CUB,2017,11339255.0
317,CUW,2017,160175.0
318,CYM,2017,63382.0
319,CYP,2017,1179685.0
320,CZE,2017,10594438.0
321,DEU,2017,82657002.0
322,DJI,2017,944100.0
323,DMA,2017,71460.0
324,DNK,2017,5764980.0
325,DOM,2017,10513111.0
326,DZA,2017,41389174.0
327,EAP,2017,2077988679.0
328,EAR,2017,3206485623.0
329,EAS,2017,2324120551.0
330,ECA,2017,395257485.0
331,ECS,2017,914608311.0
332,ECU,2017,16785356.0
333,EGY,2017,96442590.0
334,EMU,2017,341217243.0
335,ERI,2017,
336,ESP,2017,46593236.0
337,EST,2017,1317384.0
338,ETH,2017,106399926.0
339,EUU,2017,446186344.0
340,FCS,2017,900872423.0
341,FIN,2017,5508214.0
342,FJI,2017,877460.0
343,FRA,2017,66918020.0
344,FRO,2017,48326.0
345,FSM,2017,111461.0
346,GAB,2017,2064812.0
347,GBR,2017,66058859.0
348,GEO,2017,3728004.0
349,GHA,2017,29121464.0
350,GIB,2017,33723.0
351,GIN,2017,12067516.0
352,GMB,2017,2213900.0
353,GNB,2017,1828146.0
354,GNQ,2017,1262008.0
355,GRC,2017,10754679.0
356,GRD,2017,110874.0
357,GRL,2017,56171.0
358,GTM,2017,16087418.0
359,GUM,2017,164281.0
360,GUY,2017,775218.0
361,HIC,2017,1224138952.0
362,HKG,2017,7393200.0
363,HND,2017,9429016.0
364,HPC,2017,759106118.0
365,HRV,2017,4124531.0
366,HTI,2017,10982367.0
367,HUN,2017,9787966.0
368,IBD,2017,4746018766.0
369,IBT,2017,6343292514.0
370,IDA,2017,1597273748.0
371,IDB,2017,536871945.0
372,IDN,2017,264650969.0
373,IDX,2017,1060401803.0
374,IMN,2017,83610.0
375,IND,2017,1338676779.0
376,INX,2017,
377,IRL,2017,4807388.0
378,IRN,2017,80673888.0
379,IRQ,2017,37552789.0
380,ISL,2017,343400.0
381,ISR,2017,8713300.0
382,ITA,2017,60536709.0
383,JAM,2017,2920848.0
384,JOR,2017,9785840.0
385,JPN,2017,126972000.0
386,KAZ,2017,18037776.0
387,KEN,2017,50221146.0
388,KGZ,2017,6198200.0
389,KHM,2017,16009413.0
390,KIR,2017,114153.0
391,KNA,2017,52036.0
392,KOR,2017,51361911.0
393,KWT,2017,4056102.0
394,LAC,2017,573044918.0
395,LAO,2017,6953031.0
396,LBN,2017,6819373.0
397,LBR,2017,4702224.0
398,LBY,2017,6580723.0
399,LCA,2017,180955.0
400,LCN,2017,634566052.0
401,LDC,2017,986099903.0
402,LIC,2017,631818732.0
403,LIE,2017,37805.0
404,LKA,2017,21444000.0
405,LMC,2017,3184107532.0
406,LMY,2017,6265829670.0
407,LSO,2017,2091532.0
408,LTE,2017,2285348589.0
409,LTU,2017,2828403.0
410,LUX,2017,596336.0
411,LVA,2017,1942248.0
412,MAC,2017,622578.0
413,MAF,2017,36569.0
414,MAR,2017,35581257.0
415,MCO,2017,38392.0
416,MDA,2017,2755158.0
417,MDG,2017,25570511.0
418,MDV,2017,496398.0
419,MEA,2017,441298977.0
420,MEX,2017,124777326.0
421,MHL,2017,58053.0
422,MIC,2017,5634010938.0
423,MKD,2017,2074502.0
424,MLI,2017,18512429.0
425,MLT,2017,467999.0
426,MMR,2017,53382521.0
427,MNA,2017,376588457.0
428,MNE,2017,622373.0
429,MNG,2017,3113788.0
430,MNP,2017,56553.0
431,MOZ,2017,28649007.0
432,MRT,2017,4282582.0
433,MUS,2017,1264613.0
434,MWI,2017,17670193.0
435,MYS,2017,31104655.0
436,NAC,2017,361731237.0
437,NAM,2017,2402623.0
438,NCL,2017,270000.0
439,NER,2017,21602388.0
440,NGA,2017,190873247.0
441,NIC,2017,6384843.0
442,NLD,2017,17131296.0
443,NOR,2017,5276968.0
444,NPL,2017,27632682.0
445,NRU,2017,10577.0
446,NZL,2017,4813600.0
447,OED,2017,1350234580.0
448,OMN,2017,4665926.0
449,OSS,2017,30148954.0
450,PAK,2017,207906210.0
451,PAN,2017,4106764.0
452,PER,2017,31444299.0
453,PHL,2017,105172921.0
454,PLW,2017,17809.0
455,PNG,2017,8438038.0
456,POL,2017,37974826.0
457,PRE,2017,894512378.0
458,PRI,2017,3325286.0
459,PRK,2017,25429816.0
460,PRT,2017,10300300.0
461,PRY,2017,6867058.0
462,PSE,2017,4454805.0
463,PSS,2017,2419767.0
464,PST,2017,1106131866.0
465,PYF,2017,276108.0
466,QAT,2017,2724727.0
467,ROU,2017,19588715.0
468,RUS,2017,144496739.0
469,RWA,2017,11980960.0
470,SAS,2017,1792883164.0
471,SAU,2017,33101183.0
472,SDN,2017,40813398.0
473,SEN,2017,15419354.0
474,SGP,2017,5612253.0
475,SLB,2017,636030.0
476,SLE,2017,7488427.0
477,SLV,2017,6388124.0
478,SMR,2017,33671.0
479,SOM,2017,14589165.0
480,SRB,2017,7020858.0
481,SSA,2017,1050066967.0
482,SSD,2017,10910774.0
483,SSF,2017,1050162810.0
484,SST,2017,39883677.0
485,STP,2017,207086.0
486,SUR,2017,570501.0
487,SVK,2017,5439232.0
488,SVN,2017,2066388.0
489,SWE,2017,10057698.0
490,SWZ,2017,1124808.0
491,SXM,2017,40574.0
492,SYC,2017,95843.0
493,SYR,2017,17095669.0
494,TCA,2017,37116.0
495,TCD,2017,15016761.0
496,TEA,2017,2052513823.0
497,TEC,2017,456945557.0
498,TGO,2017,7698476.0
499,THA,2017,69209817.0
500,TJK,2017,8880270.0
501,TKM,2017,5757667.0
502,TLA,2017,618653508.0
503,TLS,2017,1243260.0
504,TMN,2017,372133652.0
505,TON,2017,102002.0
506,TSA,2017,1792883164.0
507,TSS,2017,1050162810.0
508,TTO,2017,1384060.0
509,TUN,2017,11433438.0
510,TUR,2017,81116451.0
511,TUV,2017,11365.0
512,TZA,2017,54660345.0
513,UGA,2017,41166588.0
514,UKR,2017,44831135.0
515,UMC,2017,2449903406.0
516,URY,2017,3436645.0
517,USA,2017,325122128.0
518,UZB,2017,32388600.0
519,VCT,2017,109826.0
520,VEN,2017,29402480.0
521,VGB,2017,29567.0
522,VIR,2017,107281.0
523,VNM,2017,94600643.0
524,VUT,2017,285499.0
525,WLD,2017,7519371102.0
526,WSM,2017,195358.0
527,XKX,2017,1791003.0
528,YEM,2017,27834811.0
529,ZAF,2017,57009751.0
530,ZMB,2017,16853608.0
531,ZWE,2017,14236599.0
532,ABW,2018,105846.0
533,AFE,2018,643090131.0
534,AFG,2018,37171922.0
535,AFW,2018,435229381.0
536,AGO,2018,30809787.0
537,ALB,2018,2866376.0
538,AND,2018,77008.0
539,ARB,2018,419851989.0
540,ARE,2018,9630966.0
541,ARG,2018,44494502.0
542,ARM,2018,2951741.0
543,ASM,2018,55461.0
544,ATG,2018,96282.0
545,AUS,2018,24982688.0
546,AUT,2018,8840521.0
547,AZE,2018,9939771.0
548,BDI,2018,11175379.0
549,BEL,2018,11427054.0
550,BEN,2018,11485035.0
551,BFA,2018,19751466.0
552,BGD,2018,161376713.0
553,BGR,2018,7025037.0
554,BHR,2018,1569440.0
555,BHS,2018,385635.0
556,BIH,2018,3323929.0
557,BLR,2018,9438785.0
558,BLZ,2018,383071.0
559,BMU,2018,63918.0
560,BOL,2018,11353140.0
561,BRA,2018,209469320.0
562,BRB,2018,286640.0
563,BRN,2018,428960.0
564,BTN,2018,754396.0
565,BWA,2018,2254067.0
566,CAF,2018,4666375.0
567,CAN,2018,37065084.0
568,CEB,2018,102538451.0
569,CHE,2018,8514329.0
570,CHI,2018,170496.0
571,CHL,2018,18729166.0
572,CHN,2018,1402760000.0
573,CIV,2018,25069226.0
574,CMR,2018,25216261.0
575,COD,2018,84068092.0
576,COG,2018,5244363.0
577,COL,2018,49661056.0
578,COM,2018,832322.0
579,CPV,2018,543764.0
580,CRI,2018,4999443.0
581,CSS,2018,7358929.0
582,CUB,2018,11338146.0
583,CUW,2018,159336.0
584,CYM,2018,64172.0
585,CYP,2018,1189262.0
586,CZE,2018,10629928.0
587,DEU,2018,82905782.0
588,DJI,2018,958923.0
589,DMA,2018,71626.0
590,DNK,2018,5793636.0
591,DOM,2018,10627147.0
592,DZA,2018,42228415.0
593,EAP,2018,2091698238.0
594,EAR,2018,3248413593.0
595,EAS,2018,2338485387.0
596,ECA,2018,397406103.0
597,ECS,2018,918031055.0
598,ECU,2018,17084359.0
599,EGY,2018,98423602.0
600,EMU,2018,341979171.0
601,ERI,2018,
602,ESP,2018,46797754.0
603,EST,2018,1321977.0
604,ETH,2018,109224410.0
605,EUU,2018,446915113.0
606,FCS,2018,920103533.0
607,FIN,2018,5515525.0
608,FJI,2018,883490.0
609,FRA,2018,67101930.0
610,FRO,2018,48497.0
611,FSM,2018,112640.0
612,GAB,2018,2119275.0
613,GBR,2018,66460344.0
614,GEO,2018,3726549.0
615,GHA,2018,29767108.0
616,GIB,2018,33715.0
617,GIN,2018,12414292.0
618,GMB,2018,2280092.0
619,GNB,2018,1874304.0
620,GNQ,2018,1308966.0
621,GRC,2018,10732882.0
622,GRD,2018,111449.0
623,GRL,2018,56023.0
624,GTM,2018,16346950.0
625,GUM,2018,165770.0
626,GUY,2018,779007.0
627,HIC,2018,1229836619.0
628,HKG,2018,7452600.0
629,HND,2018,9587523.0
630,HPC,2018,780234453.0
631,HRV,2018,4087843.0
632,HTI,2018,11123183.0
633,HUN,2018,9775564.0
634,IBD,2018,4787343661.0
635,IBT,2018,6420905201.0
636,IDA,2018,1633561540.0
637,IDB,2018,549127807.0
638,IDN,2018,267670549.0
639,IDX,2018,1084433733.0
640,IMN,2018,84073.0
641,IND,2018,1352642283.0
642,INX,2018,
643,IRL,2018,4867316.0
644,IRN,2018,81800204.0
645,IRQ,2018,38433604.0
646,ISL,2018,352721.0
647,ISR,2018,8882800.0
648,ITA,2018,60421760.0
649,JAM,2018,2934853.0
650,JOR,2018,9965322.0
651,JPN,2018,126811000.0
652,KAZ,2018,18276452.0
653,KEN,2018,51392570.0
654,KGZ,2018,6322800.0
655,KHM,2018,16249795.0
656,KIR,2018,115842.0
657,KNA,2018,52438.0
658,KOR,2018,51585058.0
659,KWT,2018,4137314.0
660,LAC,2018,579255220.0
661,LAO,2018,7061498.0
662,LBN,2018,6859408.0
663,LBR,2018,4818976.0
664,LBY,2018,6678565.0
665,LCA,2018,181890.0
666,LCN,2018,640483827.0
667,LDC,2018,1009398577.0
668,LIC,2018,648498946.0
669,LIE,2018,37918.0
670,LKA,2018,21670000.0
671,LMC,2018,3229156489.0
672,LMY,2018,6343992496.0
673,LSO,2018,2108327.0
674,LTE,2018,2297874675.0
675,LTU,2018,2801543.0
676,LUX,2018,607950.0
677,LVA,2018,1927174.0
678,MAC,2018,631633.0
679,MAF,2018,37264.0
680,MAR,2018,36029089.0
681,MCO,2018,38682.0
682,MDA,2018,2708214.0
683,MDG,2018,26262313.0
684,MDV,2018,515704.0
685,MEA,2018,448974232.0
686,MEX,2018,126190782.0
687,MHL,2018,58412.0
688,MIC,2018,5695493550.0
689,MKD,2018,2076217.0
690,MLI,2018,19077755.0
691,MLT,2018,484630.0
692,MMR,2018,53708318.0
693,MNA,2018,382955167.0
694,MNE,2018,622227.0
695,MNG,2018,3170214.0
696,MNP,2018,56889.0
697,MOZ,2018,29496009.0
698,MRT,2018,4403312.0
699,MUS,2018,1265303.0
700,MWI,2018,18143215.0
701,MYS,2018,31528033.0
702,NAC,2018,363967201.0
703,NAM,2018,2448300.0
704,NCL,2018,270650.0
705,NER,2018,22442831.0
706,NGA,2018,195874685.0
707,NIC,2018,6465502.0
708,NLD,2018,17231624.0
709,NOR,2018,5311916.0
710,NPL,2018,28095712.0
711,NRU,2018,10678.0
712,NZL,2018,4900600.0
713,OED,2018,1358279647.0
714,OMN,2018,4829476.0
715,OSS,2018,30760469.0
716,PAK,2018,212228288.0
717,PAN,2018,4176868.0
718,PER,2018,31989265.0
719,PHL,2018,106651394.0
720,PLW,2018,17911.0
721,PNG,2018,8606324.0
722,POL,2018,37974750.0
723,PRE,2018,919485090.0
724,PRI,2018,3193354.0
725,PRK,2018,25549606.0
726,PRT,2018,10283822.0
727,PRY,2018,6956069.0
728,PSE,2018,4569087.0
729,PSS,2018,2455336.0
730,PST,2018,1110012320.0
731,PYF,2018,277673.0
732,QAT,2018,2781682.0
733,ROU,2018,19473970.0
734,RUS,2018,144477859.0
735,RWA,2018,12301969.0
736,SAS,2018,1814455018.0
737,SAU,2018,33702757.0
738,SDN,2018,41801532.0
739,SEN,2018,15854324.0
740,SGP,2018,5638676.0
741,SLB,2018,652856.0
742,SLE,2018,7650149.0
743,SLV,2018,6420740.0
744,SMR,2018,33784.0
745,SOM,2018,15008225.0
746,SRB,2018,6982604.0
747,SSA,2018,1078222750.0
748,SSD,2018,10975924.0
749,SSF,2018,1078319512.0
750,SST,2018,40574734.0
751,STP,2018,211032.0
752,SUR,2018,575987.0
753,SVK,2018,5446771.0
754,SVN,2018,2073894.0
755,SWE,2018,10175214.0
756,SWZ,2018,1136274.0
757,SXM,2018,40895.0
758,SYC,2018,96762.0
759,SYR,2018,16945062.0
760,TCA,2018,37667.0
761,TCD,2018,15477727.0
762,TEA,2018,2066103849.0
763,TEC,2018,458942666.0
764,TGO,2018,7889095.0
765,THA,2018,69428454.0
766,TJK,2018,9100847.0
767,TKM,2018,5850902.0
768,TLA,2018,624698076.0
769,TLS,2018,1267975.0
770,TMN,2018,378386080.0
771,TON,2018,103199.0
772,TSA,2018,1814455018.0
773,TSS,2018,1078319512.0
774,TTO,2018,1389841.0
775,TUN,2018,11565203.0
776,TUR,2018,82340090.0
777,TUV,2018,11505.0
778,TZA,2018,56313444.0
779,UGA,2018,42729032.0
780,UKR,2018,44622518.0
781,UMC,2018,2466337061.0
782,URY,2018,3449290.0
783,USA,2018,326838199.0
784,UZB,2018,32956100.0
785,VCT,2018,110210.0
786,VEN,2018,28887117.0
787,VGB,2018,29795.0
788,VIR,2018,107001.0
789,VNM,2018,95545959.0
790,VUT,2018,292675.0
791,WLD,2018,7602716232.0
792,WSM,2018,196128.0
793,XKX,2018,1797085.0
794,YEM,2018,28498683.0
795,ZAF,2018,57792520.0
796,ZMB,2018,17351714.0
797,ZWE,2018,14438812.0
798,ABW,2019,106310.0
799,AFE,2019,660046272.0
800,AFG,2019,38041757.0
801,AFW,2019,446911598.0
802,AGO,2019,31825299.0
803,ALB,2019,2854191.0
804,AND,2019,77146.0
805,ARB,2019,427870273.0
806,ARE,2019,9770526.0
807,ARG,2019,44938712.0
808,ARM,2019,2957728.0
809,ASM,2019,55312.0
810,ATG,2019,97115.0
811,AUS,2019,25365745.0
812,AUT,2019,8879920.0
813,AZE,2019,10024283.0
814,BDI,2019,11530577.0
815,BEL,2019,11488980.0
816,BEN,2019,11801151.0
817,BFA,2019,20321383.0
818,BGD,2019,163046173.0
819,BGR,2019,6975761.0
820,BHR,2019,1641164.0
821,BHS,2019,389486.0
822,BIH,2019,3300998.0
823,BLR,2019,9419758.0
824,BLZ,2019,390351.0
825,BMU,2019,63911.0
826,BOL,2019,11513102.0
827,BRA,2019,211049519.0
828,BRB,2019,287021.0
829,BRN,2019,433296.0
830,BTN,2019,763094.0
831,BWA,2019,2303703.0
832,CAF,2019,4745179.0
833,CAN,2019,37601230.0
834,CEB,2019,102398494.0
835,CHE,2019,8575280.0
836,CHI,2019,172264.0
837,CHL,2019,18952035.0
838,CHN,2019,1407745000.0
839,CIV,2019,25716554.0
840,CMR,2019,25876387.0
841,COD,2019,86790568.0
842,COG,2019,5380504.0
843,COL,2019,50339443.0
844,COM,2019,850891.0
845,CPV,2019,549936.0
846,CRI,2019,5047561.0
847,CSS,2019,7401389.0
848,CUB,2019,11333484.0
849,CUW,2019,157441.0
850,CYM,2019,64948.0
851,CYP,2019,1198574.0
852,CZE,2019,10671870.0
853,DEU,2019,83092962.0
854,DJI,2019,973557.0
855,DMA,2019,71808.0
856,DNK,2019,5814422.0
857,DOM,2019,10738957.0
858,DZA,2019,43053054.0
859,EAP,2019,2103723076.0
860,EAR,2019,3290291029.0
861,EAS,2019,2351127942.0
862,ECA,2019,399386100.0
863,ECS,2019,920807612.0
864,ECU,2019,17373657.0
865,EGY,2019,100388076.0
866,EMU,2019,342283354.0
867,ERI,2019,
868,ESP,2019,47134837.0
869,EST,2019,1326855.0
870,ETH,2019,112078727.0
871,EUU,2019,447197811.0
872,FCS,2019,940026046.0
873,FIN,2019,5521606.0
874,FJI,2019,889955.0
875,FRA,2019,67248926.0
876,FRO,2019,48677.0
877,FSM,2019,113811.0
878,GAB,2019,2172578.0
879,GBR,2019,66836327.0
880,GEO,2019,3720161.0
881,GHA,2019,30417858.0
882,GIB,2019,33706.0
883,GIN,2019,12771246.0
884,GMB,2019,2347696.0
885,GNB,2019,1920917.0
886,GNQ,2019,1355982.0
887,GRC,2019,10721582.0
888,GRD,2019,112002.0
889,GRL,2019,56225.0
890,GTM,2019,16604026.0
891,GUM,2019,167295.0
892,GUY,2019,782775.0
893,HIC,2019,1234830048.0
894,HKG,2019,7507900.0
895,HND,2019,9746115.0
896,HPC,2019,801708019.0
897,HRV,2019,4065253.0
898,HTI,2019,11263079.0
899,HUN,2019,9771141.0
900,IBD,2019,4826259460.0
901,IBT,2019,6496952025.0
902,IDA,2019,1670692565.0
903,IDB,2019,561571929.0
904,IDN,2019,270625567.0
905,IDX,2019,1109120636.0
906,IMN,2019,84589.0
907,IND,2019,1366417756.0
908,INX,2019,
909,IRL,2019,4934340.0
910,IRN,2019,82913893.0
911,IRQ,2019,39309789.0
912,ISL,2019,360563.0
913,ISR,2019,9054000.0
914,ITA,2019,59729081.0
915,JAM,2019,2948277.0
916,JOR,2019,10101697.0
917,JPN,2019,126633000.0
918,KAZ,2019,18513673.0
919,KEN,2019,52573967.0
920,KGZ,2019,6456200.0
921,KHM,2019,16486542.0
922,KIR,2019,117608.0
923,KNA,2019,52834.0
924,KOR,2019,51764822.0
925,KWT,2019,4207077.0
926,LAC,2019,585257302.0
927,LAO,2019,7169456.0
928,LBN,2019,6855709.0
929,LBR,2019,4937374.0
930,LBY,2019,6777453.0
931,LCA,2019,182795.0
932,LCN,2019,646431661.0
933,LDC,2019,1033088986.0
934,LIC,2019,665731857.0
935,LIE,2019,38020.0
936,LKA,2019,21803000.0
937,LMC,2019,3274021191.0
938,LMY,2019,6420460567.0
939,LSO,2019,2125267.0
940,LTE,2019,2308520840.0
941,LTU,2019,2794137.0
942,LUX,2019,620001.0
943,LVA,2019,1913822.0
944,MAC,2019,640446.0
945,MAF,2019,38002.0
946,MAR,2019,36471766.0
947,MCO,2019,38967.0
948,MDA,2019,2664974.0
949,MDG,2019,26969306.0
950,MDV,2019,530957.0
951,MEA,2019,456709496.0
952,MEX,2019,127575529.0
953,MHL,2019,58791.0
954,MIC,2019,5754728710.0
955,MKD,2019,2076694.0
956,MLI,2019,19658023.0
957,MLT,2019,504062.0
958,MMR,2019,54045422.0
959,MNA,2019,389457075.0
960,MNE,2019,622028.0
961,MNG,2019,3225166.0
962,MNP,2019,57213.0
963,MOZ,2019,30366043.0
964,MRT,2019,4525698.0
965,MUS,2019,1265711.0
966,MWI,2019,18628749.0
967,MYS,2019,31949789.0
968,NAC,2019,365995094.0
969,NAM,2019,2494524.0
970,NCL,2019,271300.0
971,NER,2019,23310719.0
972,NGA,2019,200963603.0
973,NIC,2019,6545503.0
974,NLD,2019,17344874.0
975,NOR,2019,5347896.0
976,NPL,2019,28608715.0
977,NRU,2019,10764.0
978,NZL,2019,4979200.0
979,OED,2019,1365274704.0
980,OMN,2019,4974992.0
981,OSS,2019,31361216.0
982,PAK,2019,216565317.0
983,PAN,2019,4246440.0
984,PER,2019,32510462.0
985,PHL,2019,108116622.0
986,PLW,2019,18001.0
987,PNG,2019,8776119.0
988,POL,2019,37965475.0
989,PRE,2019,944902748.0
990,PRI,2019,3193694.0
991,PRK,2019,25666158.0
992,PRT,2019,10286263.0
993,PRY,2019,7044639.0
994,PSE,2019,4685306.0
995,PSS,2019,2491878.0
996,PST,2019,1113142897.0
997,PYF,2019,279285.0
998,QAT,2019,2832071.0
999,ROU,2019,19371648.0
1000,RUS,2019,144406261.0
1001,RWA,2019,12626938.0
1002,SAS,2019,1835776769.0
1003,SAU,2019,34268529.0
1004,SDN,2019,42813237.0
1005,SEN,2019,16296362.0
1006,SGP,2019,5703569.0
1007,SLB,2019,669821.0
1008,SLE,2019,7813207.0
1009,SLV,2019,6453550.0
1010,SMR,2019,33864.0
1011,SOM,2019,15442906.0
1012,SRB,2019,6945235.0
1013,SSA,2019,1106860245.0
1014,SSD,2019,11062114.0
1015,SSF,2019,1106957870.0
1016,SST,2019,41254483.0
1017,STP,2019,215048.0
1018,SUR,2019,581363.0
1019,SVK,2019,5454147.0
1020,SVN,2019,2088385.0
1021,SWE,2019,10278887.0
1022,SWZ,2019,1148133.0
1023,SXM,2019,41608.0
1024,SYC,2019,97625.0
1025,SYR,2019,17070132.0
1026,TCA,2019,38194.0
1027,TCD,2019,15946882.0
1028,TEA,2019,2078012370.0
1029,TEC,2019,460788476.0
1030,TGO,2019,8082359.0
1031,THA,2019,69625581.0
1032,TJK,2019,9321023.0
1033,TKM,2019,5942094.0
1034,TLA,2019,630644771.0
1035,TLS,2019,1293120.0
1036,TMN,2019,384771769.0
1037,TON,2019,104497.0
1038,TSA,2019,1835776769.0
1039,TSS,2019,1106957870.0
1040,TTO,2019,1394969.0
1041,TUN,2019,11694721.0
1042,TUR,2019,83429607.0
1043,TUV,2019,11655.0
1044,TZA,2019,58005461.0
1045,UGA,2019,44269587.0
1046,UKR,2019,44386203.0
1047,UMC,2019,2480707519.0
1048,URY,2019,3461731.0
1049,USA,2019,328329953.0
1050,UZB,2019,33580350.0
1051,VCT,2019,110593.0
1052,VEN,2019,28515829.0
1053,VGB,2019,30033.0
1054,VIR,2019,106669.0
1055,VNM,2019,96462108.0
1056,VUT,2019,299882.0
1057,WLD,2019,7683806444.0
1058,WSM,2019,197093.0
1059,XKX,2019,1788878.0
1060,YEM,2019,29161922.0
1061,ZAF,2019,58558267.0
1062,ZMB,2019,17861034.0
1063,ZWE,2019,14645473.0
